目标客户编号,品牌类型,a1,a2,a3,a4,a5,a6,a7,a8,B1,B2,B3,B4,B5,B6,B7,B8,B9,B10,B11,B12,B13,B14,B15,B16,B17,购买意愿
27,1,81.3020039,90.58517847,81.55817068,78.66252487,71.67059668,69.73977306,73.2621773,85.19548542,1,8,2,2,4,4,0.0,1997,6,1,7,9,34.0,14,8,18,25,0
34,1,68.54308495,69.11989267,66.69170125,66.65889442,66.65499787,69.41128758,66.66514189,66.65690932,2,5,1,3,2,3,0.0,1990,5,5,2,2,15.0,10,10,40,0,0
40,1,78.7908759,75.59206024,81.41322771,92.56066173,71.13587477,75.56167793,84.4324163,74.43696203,1,30,2,1,2,3,0.0,1990,6,8,2,3,24.0,14,12,0,20,0
41,1,79.90010079,82.07073087,85.16608081,85.1897245,79.45202431,80.52038403,75.6152975,88.87254642,2,25,3,2,3,2,0.0,1995,5,1,6,5,23.0,12,10,0,25,0
48,1,75.96019988,81.45836097,81.55817068,85.6115933,69.89531806,83.06086591,75.67634606,66.65690932,2,29,1,9,3,2,0.0,1991,6,7,5,4,10.0,18,19,0,0,0
50,1,79.11640023,85.15116648,85.16608081,81.45251238,87.09471929,83.5955792,86.53040257,81.09249372,2,36,1,5,2,3,0.0,1984,6,13,5,4,20.0,12,14,0,0,0
59,1,87.09039647,87.38265275,74.05246448,92.56066173,86.01841688,86.13606108,93.14054387,89.22184158,1,20,1,3,3,2,0.0,1990,6,7,5,2,40.0,20,20,0,0,0
497,1,81.68806034,75.52273896,81.55817068,78.18891256,75.82296497,75.56167793,82.16439024,78.53995373,2,30,1,8,4,2,0.0,1989,6,7,5,1,20.0,9,15,35,0,0
505,1,80.7664081,80.80770249,88.91893392,77.76704377,85.62967773,77.77367433,82.15236745,85.54478058,2,33,3,3,2,3,0.0,1987,5,10,5,6,32.0,12,10,18,30,0
508,1,70.75634754,88.91681971,81.41322771,89.34880542,93.35087481,83.06086591,75.43323492,77.76472787,2,24,2,1,1,1,0.0,1996,6,3,7,9,50.0,25,35,25,10,0
520,1,76.69946665,75.3736905,77.80531758,77.76704377,77.76249789,77.77367433,77.77433233,77.76472787,1,6,1,6,4,4,0.0,1980,6,14,5,3,26.0,7,7,43,23,0
525,1,72.82009786,74.61227213,70.44455435,70.81797534,77.92675219,75.02696464,75.66432328,74.43696203,2,6,1,3,2,3,0.0,1990,5,8,6,2,33.0,23,28,20,15,0
537,1,72.66537132,75.41160266,77.80531758,74.08157516,80.83856378,80.84886951,75.62732028,77.76472787,2,30,2,5,3,2,0.0,1988,5,8,5,2,30.0,10,10,30,20,0
538,1,79.45869942,81.49627314,81.55817068,84.7161122,82.71786614,85.80757561,81.97030487,88.09732057,1,10,2,3,3,2,0.0,1984,5,13,3,4,36.0,20,15,32,12,0
548,1,77.80869155,77.80346762,74.05246448,77.76704377,77.76249789,77.77367433,77.77433233,77.76472787,2,8,1,10,3,2,0.0,1990,5,6,3,5,11.0,16,10,50,20,0
550,1,72.82009786,75.3736905,81.55817068,77.76704377,71.44611182,71.62328399,73.38427443,66.30761417,2,28,1,9,2,3,0.0,1992,6,5,5,4,20.0,16,15,0,0,0
554,1,68.72547041,70.95737878,62.93884815,70.34436303,68.12003944,69.41128758,71.04317701,63.32914348,1,8,2,10,1,1,0.0,1989,5,8,4,2,20.0,15,10,0,0,0
556,1,77.80869155,77.80346762,70.44455435,81.03064359,85.85416258,86.13606108,82.34645282,77.33879717,1,15,1,11,1,1,0.0,1990,6,8,7,9,28.0,20,20,10,5,0
559,1,66.32363676,72.84763373,44.31614771,63.3952946,46.20687661,61.3773863,70.89605435,59.22615178,2,25,1,6,4,2,0.0,1995,5,3,2,5,35.0,24,25,30,0,0
563,1,85.04342101,81.45836097,77.80531758,77.76704377,71.50634238,72.48648275,75.49428348,74.43696203,1,20,1,10,4,4,0.0,1986,6,11,5,5,50.0,40,40,10,5,0
566,1,67.61624552,66.69011554,66.69170125,70.81797534,69.73106376,69.41128758,71.23726238,66.65690932,3,6,2,6,2,3,0.0,1990,5,6,2,2,50.0,20,30,20,8,0
568,1,96.33990474,99.0301718,81.55817068,99.98334246,99.97749794,99.99186723,99.9927132,95.87737327,2,36,1,2,3,2,0.0,1983,4,14,7,9,70.0,43,30,0,30,0
569,1,65.3868846,55.75988316,40.70161223,60.12875725,71.19610532,78.30838762,61.95284285,59.57245165,2,18,1,4,3,2,0.0,1995,6,3,4,2,22.0,8,7,30,20,0
570,1,64.98924048,71.10642725,88.77399094,64.28783817,77.92675219,64.124096,53.52595785,69.98467517,2,7,1,5,1,1,0.0,1994,6,4,5,5,35.0,21,13,20,20,0
582,1,74.97801553,87.21054878,66.69170125,74.92531274,68.43027649,72.48648275,88.87149998,70.33397033,2,29,2,5,3,2,0.0,1990,6,6,4,2,11.0,14,20,0,0,0
586,1,86.89191268,84.46259583,81.55817068,81.45251238,81.00281808,83.06086591,86.59145113,84.76955472,2,13,1,6,2,3,0.0,1988,6,9,2,6,25.0,12,7,20,30,0
612,1,75.59024176,77.80346762,77.80531758,77.76704377,77.76249789,77.77367433,77.77433233,77.76472787,1,6,2,4,1,1,0.0,1990,6,6,3,2,50.0,40,30,10,10,0
613,1,79.65718321,77.80346762,85.16608081,84.7161122,82.07912049,78.30838762,77.77433233,78.53995373,2,26,1,6,1,1,0.0,1993,4,6,4,4,80.0,75,66,0,0,0
616,1,65.58536839,66.69011554,55.57808492,66.65889442,72.80712964,69.41128758,66.66514189,67.00620448,2,20,1,6,2,3,0.0,1987,4,8,2,2,20.0,8,15,0,0,0
621,1,66.69459328,69.11989267,66.69170125,66.65889442,64.87971925,66.66457788,66.66514189,66.65690932,2,10,1,2,2,3,0.0,1990,5,5,4,4,10.0,5,7,0,0,0
630,1,62.40148204,69.11989267,66.69170125,69.92249424,72.97138394,64.124096,66.47105653,55.54909078,2,10,1,2,2,3,0.0,1985,6,11,4,2,15.0,10,7,0,0,0
633,1,83.93419612,80.23324475,81.55817068,81.92612469,77.92675219,77.77367433,82.16439024,81.86771957,2,15,3,10,2,3,0.0,1985,5,13,3,3,25.0,12,10,35,0,0
661,1,80.63936756,79.06649601,74.19740745,88.87519312,80.83856378,77.77367433,75.49428348,74.43696203,2,25,2,6,1,1,0.0,1995,6,3,4,5,25.0,15,10,18,30,0
665,1,63.14074882,75.3736905,66.69170125,74.50344395,61.63939907,66.66457788,64.37307026,73.66173617,1,2,2,2,1,1,0.0,2000,4,1,4,8,20.0,15,10,50,7,0
666,1,70.37547828,79.06649601,77.80531758,77.76704377,72.74689909,77.44518886,77.76230954,74.43696203,2,10,2,5,2,3,0.0,1990,6,8,3,4,30.0,15,9,30,25,0
677,1,88.92278981,88.91681971,88.91893392,88.87519312,88.86999791,88.88277078,88.88352277,88.87254642,2,28,2,4,2,3,0.0,1992,6,5,3,2,24.0,13,14,20,8,0
679,1,90.95366694,82.62510972,81.55817068,93.03427403,88.86999791,75.02696464,89.07760813,88.87254642,2,29,3,5,4,4,0.0,1992,5,7,5,4,30.0,11,14,15,25,0
690,1,69.65230984,71.51175763,70.44455435,70.81797534,74.74666256,72.48648275,73.33524865,70.33397033,1,7,3,12,1,1,0.0,1987,6,9,2,2,18.0,14,10,20,10,0
694,1,82.79728523,83.48280772,85.31102379,81.03064359,80.94258752,86.67077438,82.34645282,88.52325126,2,7,1,2,4,4,0.0,1993,6,5,4,7,50.0,23,30,20,7,0
695,1,71.29713052,60.03098733,48.06900081,67.08076321,72.91115339,72.48648275,51.17397571,51.44240601,1,4,1,3,4,2,0.0,1997,5,2,4,8,40.0,10,15,50,10,0
698,1,94.45216648,90.17984809,88.91893392,92.56066173,88.86999791,88.88277078,88.88352277,99.98036497,1,10,1,3,3,2,0.0,1994,6,3,4,8,12.0,6,8,0,0,1
699,1,94.32512594,97.60039467,96.27969715,93.03427403,92.1103181,91.62948048,90.98150904,92.20031227,2,12,1,6,4,4,0.0,1991,6,5,4,3,32.0,20,13,10,20,0
708,1,80.56273712,77.00413709,66.69170125,74.97705625,67.89555458,80.84886951,68.69005681,78.11402303,1,6,2,2,2,3,0.0,1996,6,2,4,5,20.0,12,13,0,5,0
710,1,65.95532651,58.00654058,66.69170125,73.18609406,68.37004594,60.84267301,59.99503514,55.97171179,2,24,1,2,3,2,0.0,1995,6,2,5,4,24.0,9,12,18,0,0
724,1,61.35278926,54.31259823,55.57808492,59.70982599,58.62356374,58.63067661,68.77515095,66.23097863,2,24,1,2,3,2,0.0,1995,6,2,6,3,24.0,9,14,0,25,0
726,1,76.69946665,74.11066211,70.44455435,73.60796285,69.6708332,74.69847916,73.33524865,69.98467517,1,5,2,10,1,1,0.0,1987,5,10,3,5,20.0,15,13,11,10,0
744,1,56.1466222,64.16292193,66.69170125,62.4998135,50.52738456,60.51141959,59.75192399,54.77017186,2,23,2,3,3,2,0.0,1996,5,2,5,4,35.0,15,25,15,10,0
745,1,60.00064679,55.57676345,59.33093802,58.81434489,58.62356374,60.84267301,57.65393773,63.32914348,2,10,2,5,4,4,0.0,1994,6,6,2,5,30.0,25,20,20,15,0
746,1,84.48489184,88.91681971,73.9041436,63.81422586,62.39589131,77.77367433,84.44443909,74.43696203,1,10,1,3,3,2,0.0,1989,5,8,6,2,30.0,16,20,10,5,0
1069,1,83.21102768,82.35397114,81.55817068,81.03064359,82.7780967,83.5955792,86.72448794,88.52325126,2,25,1,5,1,1,0.0,1994,6,3,4,8,34.0,12,12,25,15,0
1072,1,87.07429814,79.82791437,77.80531758,81.92612469,83.85439911,83.06086591,84.31140228,84.76955472,2,29,1,7,3,2,0.0,1991,6,7,4,6,13.0,8,5,10,20,0
1073,1,85.04342101,88.91681971,88.91893392,85.1897245,82.6138424,86.13606108,84.31140228,84.76955472,2,29,2,7,3,2,0.0,1991,6,7,4,4,18.0,11,8,10,20,0
1075,1,76.69946665,77.80346762,77.80531758,77.76704377,77.76249789,77.77367433,77.77433233,77.76472787,2,8,1,8,2,3,0.0,1992,6,8,2,2,50.0,40,46,15,10,0
1076,1,81.74859245,69.00913279,81.55817068,74.50344395,72.97138394,75.56167793,80.06640397,67.00620448,2,26,1,5,3,2,0.0,1993,5,6,8,10,14.0,20,7,53,5,0
1108,1,81.68806034,74.51599249,81.55817068,77.76704377,79.70203081,83.5955792,79.8723186,73.66173617,2,6,2,9,2,3,0.0,1988,5,9,7,9,60.0,50,40,10,10,0
1110,1,63.33923261,67.41362174,70.29961138,62.97342581,71.50634238,60.84267301,66.65311911,62.55391762,2,27,2,2,3,2,0.0,1992,4,4,4,8,15.0,6,12,0,0,0
1115,1,68.54308495,72.4073678,74.05246448,77.29343146,77.76249789,75.56167793,75.43323492,73.31244102,2,35,1,10,2,3,0.0,1984,4,10,4,5,15.0,12,10,25,15,0
1116,1,88.92278981,88.91681971,88.91893392,88.87519312,88.86999791,88.88277078,88.88352277,88.87254642,2,29,2,6,2,3,0.0,1983,6,12,6,4,19.0,12,6,20,30,0
1121,1,88.92278981,88.91681971,88.91893392,88.87519312,88.86999791,88.88277078,88.88352277,88.87254642,2,29,2,5,2,3,0.0,1981,6,15,5,4,41.0,27,22,20,0,0
1304,1,81.30719109,85.34610431,85.16608081,86.5070744,81.00281808,78.6368731,75.50630627,70.75990103,2,8,1,5,2,2,0.0,1987,5,10,4,2,10.0,5,7,10,10,0
1309,1,62.40148204,63.31846246,74.19740745,65.76341332,60.56309666,61.3773863,64.50610706,63.32914348,1,5,3,3,2,3,0.0,1993,6,3,4,4,30.0,25,22,60,10,0
1311,1,77.62630608,72.88554589,81.55817068,74.08157516,71.50634238,80.52038403,80.06640397,73.66173617,2,6,3,3,3,2,0.0,1991,6,6,3,4,35.0,12,23,30,10,0
1313,1,83.21102768,77.80346762,66.69170125,77.76704377,74.68643201,75.56167793,73.52933401,73.66173617,1,21,1,8,2,3,0.0,1984,4,12,4,2,28.0,18,15,20,8,0
1315,1,70.57396208,74.79923276,66.69170125,77.76704377,81.00281808,74.69847916,71.10422558,77.76472787,2,28,2,6,4,2,0.0,1992,6,6,5,7,28.0,14,22,0,0,0
1316,1,64.47514509,58.28707677,62.93884815,74.50344395,70.11980291,79.98567074,68.73701952,74.08766687,1,7,1,4,4,4,0.0,1995,6,4,6,4,10.0,5,9,15,5,0
1475,1,60.92130063,57.96862841,55.57808492,55.55074507,55.54749785,55.55548143,55.55595146,59.22615178,2,30,1,1,1,1,0.0,1988,6,7,5,4,12.0,7,8,0,0,0
1477,1,88.92278981,88.91681971,88.91893392,88.87519312,88.86999791,88.88277078,88.88352277,88.87254642,2,30,1,5,2,3,0.0,1989,6,6,3,5,23.0,12,15,0,0,1
1481,1,72.22396995,74.14857428,47.92405783,74.50344395,44.43000008,47.18556778,57.65393773,51.86872009,1,5,2,4,4,2,0.0,1977,5,18,3,6,38.0,19,18,25,10,0
1486,1,82.04127067,85.62934458,81.55817068,85.1897245,83.85439911,80.84886951,84.49346486,81.86771957,2,11,2,9,2,3,0.0,1989,6,8,7,9,30.0,25,26,10,10,0
1487,1,75.05464597,78.97021637,70.44455435,77.76704377,82.6138424,83.5955792,80.05438118,73.66173617,1,15,1,10,1,1,0.0,1990,6,8,7,9,30.0,20,20,10,5,0
1492,1,88.92278981,88.91681971,88.91893392,88.87519312,88.86999791,88.88277078,88.88352277,88.87254642,2,30,2,5,2,3,0.0,1989,6,6,3,5,16.0,19,13,0,30,0
1493,1,88.92278981,88.91681971,88.91893392,88.87519312,88.86999791,88.88277078,88.88352277,88.87254642,2,30,1,5,2,3,0.0,1989,6,6,3,5,25.0,16,11,0,30,1
1495,1,88.92278981,88.91681971,88.91893392,88.87519312,88.86999791,88.88277078,88.88352277,88.87254642,2,30,1,5,2,3,0.0,1989,6,6,3,5,33.0,12,24,0,0,1
1496,1,84.25972045,77.24908878,77.80531758,85.1897245,85.79393203,83.38935139,80.12745253,80.66656302,2,30,2,4,2,3,0.0,1990,5,7,6,4,24.0,15,12,25,11,0
1497,1,80.39644999,87.44675181,77.80531758,84.29424341,89.94630033,83.92406468,99.9927132,85.97071128,2,29,1,5,2,3,0.0,1991,6,6,5,7,23.0,14,12,16,12,0
1528,1,73.57092523,54.31259823,70.1512905,69.92249424,85.79393203,80.31415621,77.56822418,89.29847712,1,5,1,3,3,2,0.0,1992,6,4,2,5,36.0,18,12,0,0,0
1529,1,67.80381817,79.82791437,66.69170125,88.87519312,85.62967773,88.88277078,79.8723186,81.86771957,2,30,3,8,3,2,0.0,1990,6,8,5,4,50.0,30,26,20,10,0
1532,1,83.52045368,86.89237296,81.55817068,85.6115933,83.85439911,83.06086591,84.49346486,84.76955472,2,20,2,9,2,3,0.0,1985,4,11,6,1,80.0,60,50,10,10,0
1533,1,88.92278981,93.18408296,96.27969715,92.13879294,98.20221932,94.70467565,97.70064157,92.20031227,2,22,2,3,2,3,0.0,1997,5,1,5,8,66.0,21,19,30,20,0
1534,1,96.15751928,92.20429484,99.0325502,88.87519312,91.9460638,91.62948048,93.27358067,92.97553812,2,23,1,3,2,3,0.0,1996,6,1,5,7,43.0,26,11,30,25,0
1538,1,73.2061543,76.54043924,70.44455435,70.34436303,72.91115339,71.95176946,71.10422558,74.43696203,2,25,1,2,3,2,0.0,1995,6,2,4,4,30.0,25,20,10,8,0
1539,1,77.62630608,78.78325574,88.91893392,84.7161122,71.44611182,78.10215981,88.88352277,81.44178887,2,28,1,5,3,2,0.0,1992,6,6,7,9,10.0,5,7,10,5,0
1541,1,69.65230984,75.77902087,70.44455435,74.50344395,75.98721927,71.95176946,75.43323492,70.33397033,2,28,2,7,3,2,0.0,1992,6,5,5,5,45.0,15,30,0,0,0
1544,1,73.12952386,85.87467269,81.55817068,78.66252487,78.83880031,83.06086591,80.06640397,81.44178887,2,28,2,5,3,2,0.0,1992,6,4,2,4,40.0,12,22,15,10,0
1551,1,74.85097499,70.95737878,66.69170125,77.76704377,66.49074357,74.69847916,77.77433233,77.76472787,2,29,3,7,4,4,0.0,1990,6,5,4,8,23.0,7,10,15,10,0
1552,1,68.39994608,70.38292105,66.69170125,70.81797534,72.74689909,69.20505977,71.10422558,73.66173617,2,25,2,5,1,1,0.0,1995,6,3,4,5,28.0,9,12,0,30,0
1554,1,70.97160619,69.77055115,59.33093802,70.81797534,75.98721927,61.3773863,75.48226069,70.33397033,2,29,1,9,3,2,0.0,1990,6,6,4,7,36.0,12,20,0,0,0
1558,1,65.76775385,61.66143393,66.69170125,59.70982599,63.41467769,58.30219113,64.37307026,58.87685662,2,26,2,3,1,1,0.0,1994,6,1,6,8,15.0,15,12,0,0,0
1561,1,81.68806034,81.09094276,63.08379112,85.1897245,81.00281808,83.06086591,82.21341601,73.66173617,2,19,1,15,2,3,0.0,1983,5,15,3,3,37.0,19,13,30,20,0
1562,1,72.09692941,73.38715591,74.05246448,70.34436303,69.73106376,71.95176946,73.20221184,74.43696203,1,25,2,5,1,1,0.0,1995,6,3,4,8,37.0,12,19,0,25,0
1563,1,69.65230984,68.71456229,70.44455435,74.50344395,74.52217771,75.02696464,73.20221184,70.33397033,1,25,2,4,1,1,0.0,1995,6,3,4,8,53.0,29,29,0,20,0
1567,1,72.62161406,73.65829449,59.33093802,81.45251238,65.12972575,69.53107295,75.71334905,71.10919618,1,10,1,5,4,4,0.0,1992,5,5,4,8,36.0,12,16,30,15,0
1568,1,77.80869155,77.80346762,77.80531758,77.76704377,77.76249789,77.77367433,77.77433233,84.42025956,2,35,1,10,3,2,0.0,1985,4,11,7,9,20.0,9,10,0,0,0
1569,1,62.2744415,62.17638735,66.69170125,54.65152043,63.18727625,58.30219113,66.66514189,66.65690932,2,22,1,3,1,1,0.0,1997,5,3,8,10,30.0,10,20,0,17,0
1570,1,66.69459328,66.69011554,70.44455435,70.34436303,63.63916254,66.66457788,64.19100768,63.32914348,2,26,1,1,4,4,0.0,1994,5,2,7,9,35.0,10,25,15,7,0
1571,1,79.33165888,86.52495475,77.80531758,77.76704377,75.98721927,76.91047557,80.06640397,81.44178887,2,24,1,2,4,4,0.0,1995,5,5,4,5,15.0,8,10,30,10,0
1579,1,71.11474506,72.12412753,74.05246448,73.60796285,74.68643201,66.99306336,71.0551998,81.44178887,1,25,2,3,1,1,0.0,1995,6,3,4,7,31.0,12,11,25,20,0
1580,1,73.14562219,74.79923276,66.69170125,74.50344395,69.89531806,75.02696464,79.93336716,66.65690932,1,25,3,4,1,1,0.0,1995,6,1,2,8,33.0,18,9,25,25,0
1581,1,84.32025257,69.97759067,88.91893392,77.76704377,74.68643201,74.69847916,82.15236745,81.86771957,1,5,2,5,1,1,0.0,1995,5,4,4,5,45.0,22,30,30,10,0
1700,1,73.68640517,73.34924375,77.80531758,78.66252487,85.85416258,69.41128758,71.22523959,78.19065857,1,7,1,6,3,2,0.0,1988,4,8,4,6,23.0,8,20,13,10,0
1703,1,77.80869155,72.08621536,74.05246448,74.50344395,74.52217771,69.41128758,75.67634606,73.66173617,1,5,1,8,2,3,0.0,1993,4,3,4,8,20.0,10,10,50,0,0
1707,1,66.69459328,66.69011554,66.69170125,66.65889442,66.65499787,74.69847916,77.77433233,74.08766687,1,7,1,10,3,2,0.0,1989,6,8,4,2,22.0,15,10,30,10,0
1708,1,86.89191268,84.64955647,85.16608081,88.45332432,80.77833322,83.06086591,80.06640397,77.33879717,1,12,1,8,3,2,0.0,1988,6,8,4,5,20.0,10,6,25,20,0
1713,1,77.26790856,74.43181455,74.05246448,74.50344395,79.76226137,75.02696464,77.78635512,70.33397033,2,35,2,10,3,2,0.0,1986,5,12,6,2,20.0,10,16,30,0,0
1716,1,92.80215861,97.63830683,92.67178702,99.98334246,88.86999791,94.70467565,93.26155789,99.98036497,1,10,6,1,3,2,0.0,1999,4,1,4,7,15.0,8,9,0,0,1
1718,1,64.12293317,73.53620438,66.69170125,66.65889442,74.52217771,69.73977306,71.0551998,77.76472787,2,23,1,3,3,2,0.0,1997,6,3,7,9,22.0,17,10,30,6,0
1723,1,74.99411386,77.80346762,55.57808492,74.50344395,71.67059668,69.41128758,73.20221184,78.53995373,2,28,1,1,2,3,0.0,1991,6,5,5,4,22.0,12,14,0,0,0
1729,1,69.8346953,73.25296411,74.05246448,74.92531274,72.74689909,66.66457788,73.32322586,74.01103133,1,30,1,8,2,3,0.0,1978,6,18,5,3,20.0,10,12,2,2,0
1732,1,67.80381817,65.42708715,66.69170125,66.65889442,69.73106376,71.95176946,62.27508399,77.76472787,2,21,1,2,3,2,0.0,1999,6,1,3,8,24.0,20,10,30,30,0
1733,1,84.25972045,88.91681971,85.16608081,85.6115933,79.53777651,83.06086591,86.60347392,85.54478058,2,7,2,3,4,2,0.0,1994,6,3,4,8,25.0,8,9,50,20,0
1799,1,75.36407197,81.05303059,74.19740745,77.76704377,82.30360534,77.77367433,80.05438118,77.76472787,2,32,1,10,3,2,0.0,1987,5,9,5,1,20.0,9,14,50,0,0
1806,1,82.95201177,76.61663999,85.31102379,78.66252487,84.07888396,94.70467565,93.26155789,77.33879717,1,5,2,3,4,2,0.0,1996,6,1,5,8,36.0,15,20,30,8,0
1808,1,88.53673336,90.36680873,88.91893392,99.98334246,88.86999791,94.16996236,93.32260645,99.98036497,2,28,1,7,2,3,0.0,1983,6,14,4,2,17.0,10,4,25,0,0
1811,1,71.68318697,67.95314392,59.33093802,74.08157516,69.89531806,69.41128758,82.15236745,77.76472787,2,4,1,6,4,4,0.0,1981,6,15,4,7,17.0,11,5,0,50,0
1815,1,77.82478987,75.89015718,74.19740745,74.02983164,85.56944718,97.24515753,95.61467809,96.65259912,2,20,2,8,2,3,0.0,1988,6,8,1,2,28.0,16,16,30,20,0
1819,1,76.82650719,77.80346762,77.80531758,81.03064359,81.00281808,77.77367433,84.49346486,81.86771957,1,15,2,8,4,2,0.0,1989,6,6,7,9,70.0,35,47,0,0,0
1820,1,56.54491723,59.38983689,59.33093802,51.80685187,57.21312163,56.08543578,51.1619421,50.66718016,2,20,1,2,3,7,0.0,1988,6,9,6,2,45.0,18,6,30,25,0
1855,1,71.35766264,73.53620438,74.05246448,77.76704377,69.89531806,69.73977306,71.23726238,67.43213518,1,25,3,4,1,1,0.0,1995,6,3,5,8,35.0,12,13,20,20,0
1857,1,74.12780654,73.53620438,77.80531758,70.81797534,72.91115339,77.77367433,68.95721353,69.98467517,2,28,1,9,3,2,0.0,1992,5,4,3,5,40.0,22,24,0,0,0
1861,1,70.57396208,75.23949869,74.05246448,69.44888193,76.29745633,78.30838762,62.238081,62.20462247,1,12,3,8,2,3,0.0,1992,5,5,3,8,25.0,12,10,30,10,0
1862,1,73.38853977,73.34924375,77.80531758,77.76704377,63.57893199,75.02696464,73.39629721,74.43696203,2,28,1,9,3,2,0.0,1991,8,3,4,4,34.0,24,25,0,0,0
1865,1,67.80381817,69.6943504,85.16608081,85.1897245,69.5065789,71.95176946,66.66514189,77.76472787,2,10,2,4,3,2,0.0,1987,5,10,4,4,30.0,20,18,50,0,0
1878,1,75.96019988,73.53620438,70.44455435,74.50344395,68.49050705,69.41128758,73.20221184,70.33397033,2,17,1,3,4,4,0.0,1998,5,1,2,4,21.0,10,8,0,35,0
1885,1,77.80869155,82.07073087,66.69170125,74.08157516,69.89531806,77.77367433,77.76230954,81.86771957,2,20,1,10,2,3,0.0,1986,6,10,7,9,32.0,16,10,50,5,0
1892,1,66.69459328,61.25610355,66.69170125,59.70982599,60.39884236,61.3773863,66.67716468,66.30761417,2,31,1,10,2,3,0.0,1988,6,8,4,5,19.0,11,5,0,40,0
1895,1,67.80381817,76.54043924,77.80531758,77.76704377,77.76249789,71.62328399,77.77433233,73.66173617,2,30,1,6,2,3,0.0,1989,6,5,7,9,35.0,30,22,30,5,0
1902,1,77.80869155,74.11066211,74.05246448,70.81797534,68.43027649,66.66457788,73.38427443,66.65690932,1,10,2,8,4,4,0.0,1989,5,6,6,5,80.0,60,50,10,10,0
1905,1,68.54308495,76.54043924,77.80531758,77.76704377,77.76249789,77.77367433,77.77433233,77.76472787,2,18,1,10,2,3,0.0,1981,5,16,6,2,30.0,22,18,10,5,0
1931,1,79.83956868,77.80346762,77.80531758,81.92612469,80.83856378,80.52038403,80.05438118,81.86771957,2,35,1,15,4,4,0.0,1984,5,12,3,1,20.0,8,14,50,20,0
21,1,71.68318697,72.4073678,74.05246448,69.92249424,80.83856378,75.23319245,73.20221184,77.33879717,2,30,1,10,3,5,1.0,1990,6,8,4,3,25.0,13,9,40,8,0
22,1,88.92278981,90.17984809,88.91893392,88.87519312,88.86999791,88.88277078,90.98150904,88.87254642,2,12,2,4,5,6,1.0,1987,6,11,3,4,25.0,7,7,25,25,0
23,1,67.26303519,67.09544592,66.69170125,70.34436303,69.73106376,69.73977306,73.51731123,66.65690932,2,5,2,8,3,3,1.0,1990,6,8,2,2,20.0,10,15,10,10,0
24,1,93.52532705,90.94126646,73.9041436,88.87519312,90.64527653,94.16996236,95.6026553,96.65259912,2,29,1,5,5,6,1.0,1991,6,6,6,5,23.0,11,7,15,30,0
25,1,89.64595826,93.94550132,73.9041436,96.29787385,88.86999791,96.91667206,95.6026553,95.87737327,2,29,1,5,5,6,1.0,1991,6,6,6,8,11.0,15,12,15,0,0
26,1,75.53489684,81.09094276,62.93884815,77.76704377,66.65499787,74.69847916,77.77433233,77.76472787,1,15,1,20,4,5,2.0,1979,5,21,1,3,35.0,15,10,0,0,0
28,1,89.78909713,89.5674782,85.31102379,92.13879294,93.88559672,88.55428531,88.88352277,84.76955472,2,15,1,8,3,5,1.0,1988,6,9,3,4,30.0,20,13,10,20,0
29,1,86.3511297,86.89237296,88.91893392,88.87519312,88.86999791,88.88277078,86.60347392,84.76955472,2,35,2,10,4,5,2.0,1985,6,13,4,2,48.0,19,32,18,0,0
30,1,90.77128148,88.91681971,88.91893392,88.87519312,91.9460638,88.88277078,88.88352277,88.87254642,2,14,2,5,5,6,1.0,1986,6,11,3,4,45.0,16,14,25,20,0
31,1,78.05160912,68.3584743,74.05246448,70.34436303,71.50634238,72.48648275,71.0551998,74.43696203,2,35,3,10,3,5,1.0,1985,5,12,1,2,11.0,7,7,12,5,0
32,1,95.04829439,90.94126646,73.9041436,93.03427403,88.86999791,94.16996236,91.16357162,95.87737327,2,31,1,6,5,6,1.0,1989,6,7,5,2,10.0,8,14,15,0,0
33,1,99.0368881,99.0301718,99.0325502,99.98334246,99.97749794,99.99186723,99.9927132,99.98036497,2,36,1,10,3,5,1.0,1983,5,14,4,6,33.0,12,12,0,35,0
35,1,83.93419612,81.45836097,85.16608081,84.7161122,85.79393203,83.06086591,84.44443909,81.09249372,1,13,2,8,3,5,1.0,1992,5,3,5,5,22.0,13,8,0,0,0
36,1,99.0368881,99.0301718,99.0325502,99.98334246,99.97749794,99.99186723,99.9927132,99.98036497,2,15,1,5,3,5,1.0,1990,6,6,1,3,30.0,20,13,20,15,0
37,1,77.80869155,77.80346762,74.05246448,71.23984413,77.76249789,77.77367433,75.67634606,77.76472787,2,11,2,10,3,5,1.0,1984,6,11,7,9,70.0,60,45,10,10,0
38,1,75.96019988,74.24485392,74.05246448,85.13798099,54.24394185,69.73977306,80.0053554,74.43696203,1,32,1,5,5,6,1.0,1986,8,10,3,6,14.0,12,7,30,20,0
39,1,64.4484575,65.52336679,48.21069634,66.65889442,72.74689909,63.58938271,71.04317701,69.90803963,2,12,1,5,3,5,1.0,1975,4,21,4,2,15.0,10,7,50,10,0
42,1,75.77781441,72.08621536,74.05246448,73.60796285,74.68643201,71.95176946,75.67634606,70.33397033,2,22,1,5,5,6,1.0,1987,6,12,2,6,14.0,10,13,25,0,0
43,1,56.50972932,48.60406983,52.10849241,57.91512025,53.20673609,41.56989073,51.23388622,56.32132134,1,20,1,5,3,5,1.0,1989,5,8,4,3,26.0,14,10,10,25,0
44,1,71.86557243,71.51175763,66.69170125,74.08157516,72.97138394,69.41128758,66.66514189,66.65690932,1,12,1,6,5,6,1.0,1985,5,12,4,9,50.0,30,30,20,10,0
45,1,81.48957655,81.97445123,85.16608081,81.45251238,81.00281808,83.5955792,84.44443909,73.66173617,2,48,1,15,3,1,1.0,1971,5,25,4,9,60.0,50,40,0,0,1
46,1,63.20128093,73.38715591,59.33093802,66.65889442,63.63916254,72.48648275,66.66514189,63.32914348,1,15,2,21,5,6,1.0,1975,8,17,3,3,49.0,11,28,10,0,0
47,1,82.4717609,83.52071989,81.55817068,81.45251238,85.62967773,86.13606108,79.8723186,85.54478058,2,35,2,10,3,5,2.0,1982,6,15,6,2,15.0,10,10,10,5,0
49,1,62.93541403,76.54043924,62.93884815,79.08439366,47.98215523,74.69847916,77.77433233,77.76472787,1,6,1,11,4,6,1.0,1987,6,11,2,2,20.0,12,7,0,0,0
51,1,95.43435083,99.0301718,92.67178702,99.98334246,95.12615343,99.99186723,99.9927132,92.54960742,2,29,1,8,3,5,1.0,1990,8,4,4,2,20.0,12,7,20,30,0
52,1,68.54308495,75.3736905,62.93884815,71.71345644,49.28571123,55.55548143,70.91014021,55.11946702,2,11,1,4,3,5,1.0,1985,6,11,4,7,25.0,10,10,20,28,0
53,1,91.49444992,93.94550132,73.9041436,96.71974265,88.86999791,88.55428531,91.16357162,92.54960742,2,31,2,6,5,6,1.0,1989,6,7,6,4,23.0,11,6,20,30,0
54,1,77.80869155,80.19533259,85.16608081,81.03064359,80.77833322,77.77367433,82.15236745,85.19548542,2,39,1,15,3,5,1.0,1981,5,15,4,1,39.0,36,30,14,16,0
55,1,78.91791644,78.56488599,66.69170125,77.76704377,79.53777651,80.84886951,80.05438118,81.44178887,2,36,1,14,5,6,1.0,1984,4,14,4,4,30.0,12,15,30,0,0
56,1,79.83956868,86.89237296,85.16608081,81.03064359,77.92675219,77.77367433,84.44443909,82.21701473,1,15,3,6,4,5,2.0,1982,6,15,7,9,36.0,12,15,35,5,0
57,1,79.65718321,88.91681971,77.80531758,81.03064359,82.55361184,88.88277078,82.15236745,88.87254642,2,15,2,14,5,6,1.0,1981,4,15,6,4,30.0,12,26,15,6,0
58,1,99.0368881,99.0301718,99.0325502,99.98334246,99.97749794,99.99186723,99.9927132,99.98036497,2,60,1,30,3,5,1.0,1960,5,38,4,1,35.0,12,19,15,0,0
494,1,99.0368881,99.0301718,99.0325502,99.98334246,99.97749794,99.99186723,99.9927132,99.98036497,1,10,1,11,3,5,1.0,1981,6,16,3,5,13.0,7,4,20,0,0
495,1,62.59996583,60.69953768,66.69170125,67.55437552,68.65476135,61.70587178,59.94600936,73.66173617,2,15,1,12,3,5,1.0,1978,6,17,3,3,28.0,11,17,0,25,0
496,1,86.09211379,92.47543342,85.16608081,88.45332432,84.01865341,86.13606108,86.54242535,92.54960742,2,10,1,8,5,6,1.0,1985,6,10,6,3,22.0,11,13,10,0,1
498,1,82.10180278,85.26192636,81.55817068,85.6115933,77.82272845,83.5955792,80.0053554,73.23580547,2,38,1,15,3,5,1.0,1982,6,15,5,5,20.0,15,10,25,5,0
499,1,69.8346953,72.08621536,77.80531758,77.76704377,74.68643201,72.48648275,71.04317701,77.76472787,2,36,1,8,3,5,1.0,1983,5,12,6,4,25.0,18,10,50,0,0
500,1,85.04342101,90.17984809,81.55817068,84.7161122,88.86999791,75.56167793,73.14116328,85.54478058,2,21,2,10,5,6,1.0,1985,4,11,4,2,23.0,14,19,0,0,0
501,1,66.69459328,67.95314392,62.93884815,66.65889442,66.65499787,63.91786819,75.48226069,63.32914348,1,20,1,5,3,5,1.0,1982,5,14,6,7,20.0,8,10,20,10,0
502,1,81.48957655,84.500508,81.55817068,85.6115933,83.85439911,80.52038403,84.49346486,81.86771957,2,40,1,16,3,5,1.0,1980,6,16,5,2,35.0,33,30,12,14,0
503,1,85.78268779,87.65379133,81.55817068,88.87519312,84.07888396,80.84886951,88.88352277,82.21701473,2,37,1,15,3,5,1.0,1983,6,15,5,6,80.0,75,50,20,5,0
504,1,82.22884332,81.86369135,81.55817068,82.34799348,87.09471929,83.5955792,84.44443909,78.11402303,2,34,2,10,3,5,1.0,1986,6,10,5,3,30.0,15,20,20,0,0
506,1,69.65230984,64.56825231,62.93884815,66.18528212,74.85068631,74.69847916,71.09220279,70.33397033,2,20,2,8,3,5,1.0,1974,5,23,4,6,30.0,14,16,20,0,0
507,1,76.69946665,83.38652808,88.91893392,85.6115933,77.76249789,88.88277078,86.59145113,85.54478058,2,38,1,15,3,5,1.0,1982,8,15,5,3,70.0,50,50,10,0,0
509,1,83.04020281,82.62510972,77.80531758,85.6115933,87.09471929,77.77367433,79.8723186,84.76955472,1,30,1,20,3,5,1.0,1980,5,17,4,2,55.0,22,25,20,20,0
510,1,79.83956868,80.80770249,88.91893392,81.03064359,83.85439911,80.52038403,80.11542974,81.09249372,2,35,2,3,3,5,1.0,1985,5,12,6,7,40.0,16,10,18,25,0
511,1,84.6734629,85.62934458,85.16608081,81.45251238,85.62967773,83.5955792,79.8723186,84.76955472,2,34,1,13,3,5,1.0,1986,6,13,5,4,70.0,60,50,20,8,0
512,1,82.10180278,82.62510972,81.55817068,85.6115933,87.09471929,83.5955792,80.06640397,77.76472787,2,34,2,13,3,5,1.0,1986,4,13,5,5,80.0,75,50,20,7,0
513,1,82.10180278,81.36208133,81.55817068,85.6115933,81.00281808,80.52038403,84.44443909,78.11402303,2,36,2,15,3,5,1.0,1984,6,15,5,4,50.0,40,40,20,5,0
514,1,76.69946665,77.80346762,77.80531758,74.08157516,77.76249789,77.77367433,77.77433233,77.76472787,2,39,1,15,4,5,2.0,1981,8,15,5,3,60.0,50,50,20,0,0
515,1,68.72547041,71.90575778,70.44455435,70.81797534,72.91115339,72.48648275,64.56715562,69.98467517,1,15,1,10,3,6,1.0,1986,5,10,5,3,40.0,35,36,15,5,0
516,1,82.4717609,77.80346762,77.80531758,84.7161122,82.7780967,83.5955792,84.44443909,84.76955472,2,20,2,12,5,6,1.0,1988,5,10,1,2,13.0,7,3,0,50,0
517,1,79.27112677,81.09094276,77.80531758,78.18891256,75.98721927,77.77367433,71.04317701,81.86771957,2,15,2,5,3,5,1.0,1987,6,10,5,4,15.0,12,10,25,10,0
518,1,81.68806034,79.82791437,74.19740745,85.1897245,82.6138424,83.5955792,86.7855365,81.44178887,1,20,1,10,5,6,2.0,1985,5,10,7,9,29.0,24,12,35,0,0
519,1,81.68806034,85.62934458,74.19740745,85.1897245,84.01865341,83.5955792,82.34645282,81.44178887,2,11,2,7,3,5,1.0,1984,4,11,7,9,24.0,18,20,0,0,0
521,1,75.96019988,82.2576915,59.33093802,71.23984413,68.49050705,75.56167793,75.66432328,73.66173617,2,30,1,8,3,3,1.0,1990,6,8,6,2,24.0,13,12,20,0,0
522,1,79.83956868,69.58359052,74.05246448,66.65889442,72.74689909,69.41128758,73.33524865,55.11946702,2,34,2,12,3,5,1.0,1986,5,11,5,4,20.0,15,10,20,10,0
523,1,84.32025257,77.39813725,77.80531758,81.03064359,84.01865341,83.5955792,86.59145113,81.86771957,2,35,1,1,3,5,1.0,1984,6,12,3,6,20.0,15,10,0,0,0
524,1,71.29713052,87.65379133,70.44455435,84.7161122,87.15494985,83.5955792,91.16357162,88.87254642,2,5,1,6,3,5,1.0,1990,5,7,6,7,38.0,13,13,0,0,0
526,1,78.91791644,81.05303059,85.16608081,81.92612469,84.07888396,77.44518886,79.8723186,73.66173617,2,35,2,10,3,3,1.0,1985,5,13,5,2,39.0,26,11,30,20,0
527,1,81.69324753,85.50725447,88.91893392,81.92612469,88.86999791,75.23319245,93.27358067,85.19548542,2,35,3,5,5,1,1.0,1985,5,13,4,6,34.0,18,10,30,20,0
528,1,64.86219994,63.68588068,66.69170125,55.12555903,61.86388392,58.63067661,66.60409333,66.30761417,2,12,1,11,3,5,1.0,1983,6,12,3,4,30.0,16,20,0,0,0
529,1,83.52045368,85.62934458,81.55817068,92.56066173,88.64551306,94.16996236,84.31140228,84.76955472,1,39,2,5,6,6,2.0,1980,6,16,4,2,20.0,8,7,20,30,0
530,1,71.68318697,72.57649515,70.44455435,66.65889442,71.50634238,69.73977306,71.23726238,69.98467517,1,20,3,3,3,5,1.0,1984,6,12,4,4,15.0,10,10,30,0,0
531,1,85.78268779,76.13510886,81.55817068,84.7161122,82.7780967,93.84147689,88.88352277,96.30330397,2,18,1,7,3,5,1.0,1988,6,8,6,5,15.0,9,9,20,6,0
532,1,78.91791644,77.80346762,77.80531758,70.34436303,77.76249789,80.52038403,80.06640397,81.09249372,2,15,2,3,3,5,1.0,1987,6,10,5,5,16.0,8,9,20,5,0
533,1,79.51404434,79.64095374,85.16608081,81.45251238,85.79393203,77.77367433,77.78635512,78.53995373,2,10,1,5,4,6,1.0,1991,5,8,4,8,25.0,18,10,0,17,0
534,1,84.25972045,79.18858611,66.83664422,85.6115933,85.85416258,83.5955792,77.72530655,84.76955472,2,38,2,12,3,5,1.0,1982,6,18,6,6,40.0,30,36,25,0,0
535,1,72.22396995,80.19533259,74.05246448,70.34436303,72.91115339,75.02696464,77.77433233,73.66173617,1,5,2,3,4,5,2.0,1978,5,20,4,2,19.0,12,9,0,20,0
536,1,78.34947453,78.66116563,70.44455435,77.76704377,77.92675219,75.02696464,73.20221184,73.66173617,2,40,4,15,4,5,2.0,1980,6,17,4,2,25.0,15,18,0,13,0
539,1,64.30531863,66.40687527,62.93884815,62.4998135,60.08700739,52.80629945,53.39292105,62.55391762,1,15,1,12,5,6,1.0,1983,5,12,3,5,30.0,11,16,20,0,0
540,1,79.65718321,85.62934458,81.55817068,81.45251238,87.09471929,83.5955792,84.44443909,82.21701473,2,40,1,15,4,5,2.0,1980,5,18,5,4,70.0,50,50,10,0,0
541,1,85.78268779,80.23324475,88.91893392,88.87519312,87.09471929,86.3422889,88.88352277,84.76955472,2,38,1,20,3,5,1.0,1982,6,14,6,3,40.0,35,36,15,0,1
542,1,79.65718321,82.62510972,66.83664422,82.34799348,80.83856378,83.5955792,82.15236745,81.44178887,2,20,1,10,3,5,1.0,1986,6,10,3,6,40.0,30,25,15,8,0
543,1,85.04342101,80.60066297,81.55817068,82.34799348,87.09471929,83.5955792,86.60347392,73.66173617,2,34,1,11,3,5,1.0,1986,6,10,5,5,60.0,45,40,15,7,0
544,1,79.83956868,75.77902087,70.44455435,81.03064359,74.68643201,72.48648275,71.23726238,74.43696203,2,15,1,6,3,5,1.0,1983,5,14,3,5,11.0,7,7,20,6,0
545,1,81.87044581,77.80346762,77.80531758,92.61240524,81.31305513,77.77367433,81.97030487,93.32483328000001,1,25,1,1,4,5,2.0,1980,6,16,3,2,15.0,8,10,25,10,0
546,1,82.22884332,81.21303286,74.19740745,88.87519312,84.01865341,83.5955792,88.88352277,85.54478058,2,34,2,12,3,5,1.0,1986,5,12,6,4,20.0,15,16,18,6,0
547,1,78.60849043,80.51648502,81.41322771,78.18891256,80.77833322,80.52038403,79.86029581,78.53995373,1,7,3,3,3,5,1.0,1987,5,10,4,2,17.0,9,12,30,5,0
549,1,73.92932275,77.80346762,70.44455435,84.7161122,77.76249789,74.69847916,68.95721353,74.43696203,2,25,1,1,3,5,1.0,1982,3,15,6,2,26.0,15,18,15,10,0
551,1,78.73553097,78.78325574,74.05246448,74.08157516,74.68643201,72.48648275,73.38427443,76.98950202,1,25,2,15,4,5,2.0,1980,5,17,1,2,25.0,15,18,0,13,0
552,1,82.41122879,82.62510972,85.16608081,81.45251238,85.62967773,80.84886951,82.34645282,81.44178887,2,31,1,6,5,6,1.0,1989,5,8,6,2,27.0,14,11,0,0,1
553,1,81.68806034,88.95473188,85.16608081,88.87519312,82.7780967,83.5955792,88.87149998,88.87254642,2,30,1,10,3,5,1.0,1990,5,6,3,5,20.0,15,15,20,0,0
555,1,84.11658159,82.34186945,74.19740745,88.87519312,85.62967773,86.13606108,82.03135343,85.54478058,1,7,2,5,5,3,1.0,1992,5,6,2,4,25.0,15,10,40,10,0
557,1,86.50585623,90.79221799,62.93884815,91.66518063,74.58240826,85.80757561,88.87149998,89.22184158,2,31,1,3,5,6,1.0,1988,5,8,6,2,25.0,13,17,0,20,0
558,1,86.89191268,92.07010304,81.55817068,92.13879294,92.1103181,94.16996236,93.32260645,92.97553812,2,29,1,10,4,5,2.0,1990,6,7,5,7,25.0,10,7,25,30,0
560,1,80.192779,85.2240142,77.80531758,85.1897245,80.77833322,86.13606108,80.05438118,85.54478058,1,20,1,8,3,3,1.0,1985,6,11,3,2,30.0,22,15,50,0,0
561,1,78.94560243,84.86792621,81.41322771,88.87519312,84.01865341,80.52038403,84.44443909,84.76955472,2,31,1,8,6,6,2.0,1989,6,9,4,3,35.0,26,31,13,5,0
562,1,87.07429814,88.91681971,81.55817068,85.6115933,83.85439911,83.06086591,82.21341601,88.87254642,1,14,2,10,3,5,1.0,1982,6,14,5,2,34.0,26,12,30,15,0
564,1,72.27931487,77.80346762,81.55817068,77.76704377,80.83856378,77.77367433,84.44443909,74.08766687,1,20,2,10,4,6,1.0,1986,6,10,3,2,60.0,55,50,15,10,0
565,1,77.21256364,81.36208133,81.55817068,81.45251238,82.6138424,78.30838762,84.44443909,81.44178887,2,34,2,12,3,5,1.0,1986,5,12,5,3,80.0,60,60,10,0,0
567,1,72.82009786,82.87043782,51.96354944,78.18891256,71.89508153,80.84886951,80.29749232,73.66173617,2,5,2,2,5,3,1.0,1991,6,4,7,9,48.0,19,18,30,20,0
571,1,79.27112677,83.48280772,77.80531758,84.7161122,84.07888396,77.44518886,82.16439024,81.86771957,2,5,1,2,4,5,2.0,1975,8,20,9,11,80.0,75,66,0,0,0
572,1,90.0597007,88.59566727,77.80531758,92.61240524,81.31305513,83.26709373,91.23664297,77.76472787,2,18,1,15,3,5,1.0,1980,4,16,5,1,30.0,20,22,30,0,0
573,1,85.18655988,88.91681971,92.67178702,81.92612469,88.86999791,91.62948048,93.26155789,88.87254642,2,8,1,10,3,5,1.0,1990,6,6,4,2,50.0,10,19,30,20,0
574,1,72.09692941,69.97759067,70.44455435,69.92249424,72.97138394,66.66457788,68.95721353,70.75990103,2,37,1,8,4,5,2.0,1982,5,14,3,8,20.0,7,10,30,30,0
575,1,63.92444938,58.00654058,59.33093802,74.50344395,59.69535166,58.83214547,53.59714083,76.98950202,1,30,2,10,3,5,1.0,1990,6,8,2,4,25.0,10,14,0,31,0
576,1,66.69459328,70.34500888,62.93884815,77.76704377,69.6708332,77.77367433,79.8723186,73.66173617,2,40,2,18,3,5,1.0,1980,3,18,2,3,30.0,11,15,0,25,0
577,1,66.69459328,70.34500888,66.69170125,70.34436303,67.89555458,75.02696464,82.15236745,66.65690932,2,40,2,18,3,5,1.0,1980,5,18,2,3,30.0,9,20,0,0,0
578,1,77.80869155,77.80346762,77.80531758,77.76704377,77.76249789,77.77367433,75.67634606,73.66173617,2,12,2,3,4,5,2.0,1987,6,9,7,9,25.0,22,10,30,0,0
579,1,57.41122454,55.57676345,55.57808492,55.55074507,55.54749785,63.58938271,59.93398658,59.22615178,1,17,1,8,5,6,1.0,1987,5,9,4,1,30.0,25,26,10,0,0
580,1,66.51220782,70.38292105,62.93884815,66.65889442,66.65499787,75.02696464,82.15236745,66.65690932,2,40,1,18,3,5,1.0,1980,6,18,2,3,30.0,13,13,0,30,0
581,1,75.77781441,73.34924375,70.44455435,77.76704377,74.52217771,74.69847916,75.49428348,73.66173617,2,36,1,12,3,5,1.0,1984,3,12,3,7,7.0,18,22,0,0,0
583,1,88.92278981,85.62934458,77.80531758,85.6115933,80.77833322,86.13606108,91.0425576,88.87254642,2,13,2,12,3,5,1.0,1984,6,12,4,1,24.0,15,19,30,10,0
584,1,79.64108488,78.56488599,74.05246448,81.92612469,80.94258752,75.23319245,66.66514189,70.33397033,2,10,2,3,3,5,1.0,1990,6,7,4,7,21.0,7,11,0,20,0
585,1,63.17179403,70.45576877,85.31102379,62.97342581,77.76249789,66.66457788,73.40832,77.76472787,1,10,1,8,3,5,1.0,1990,6,7,6,3,27.0,18,15,0,20,0
587,1,73.2061543,74.79923276,74.05246448,81.45251238,74.68643201,83.06086591,80.05438118,81.86771957,2,10,2,5,3,5,1.0,1992,4,6,6,4,30.0,18,26,10,10,0
588,1,75.77781441,82.21977934,81.55817068,85.6115933,74.68643201,83.06086591,79.8723186,81.86771957,1,8,2,5,3,5,1.0,1991,6,7,6,4,35.0,20,28,10,10,0
609,1,79.90010079,71.71879715,70.44455435,70.81797534,60.3386118,71.95176946,64.37307026,69.98467517,1,30,1,1,3,5,1.0,1990,6,5,5,8,8.0,5,4,0,0,0
610,1,80.38035166,77.80346762,77.80531758,81.03064359,79.53777651,77.77367433,77.77433233,81.09249372,1,15,1,10,3,5,1.0,1980,6,15,4,7,17.0,8,12,0,0,0
611,1,75.96019988,77.80346762,70.44455435,77.76704377,77.76249789,77.77367433,77.77433233,74.43696203,2,10,2,8,3,5,1.0,1993,6,6,4,8,30.0,19,16,20,0,0
614,1,77.80869155,72.22040717,81.55817068,70.34436303,76.46171063,77.23896104,71.0551998,81.09249372,2,15,2,7,5,6,1.0,1988,4,10,4,5,8.0,5,4,20,0,0
615,1,88.18352304,80.23324475,81.41322771,85.1897245,75.98721927,80.52038403,73.33524865,81.44178887,2,27,1,8,3,5,1.0,1993,6,5,3,8,18.0,10,10,0,30,0
617,1,77.80869155,80.04628412,77.80531758,84.7161122,71.67059668,83.06086591,86.7855365,81.09249372,2,6,2,4,3,5,1.0,1990,6,5,5,8,20.0,13,5,30,25,0
618,1,88.92278981,81.36208133,81.55817068,85.6115933,83.85439911,80.84886951,84.49346486,88.87254642,2,31,2,8,6,6,2.0,1989,4,8,4,2,12.0,5,8,0,0,0
619,1,76.14777253,73.38715591,70.44455435,77.76704377,74.68643201,77.77367433,84.49346486,77.76472787,1,8,1,4,3,5,1.0,1989,6,7,6,2,30.0,7,12,0,0,0
620,1,77.80869155,77.80346762,74.05246448,77.76704377,77.76249789,77.77367433,77.77433233,77.76472787,1,12,3,9,3,5,1.0,1984,6,13,7,9,50.0,40,30,10,10,0
622,1,90.0320147,86.52495475,77.80531758,85.1897245,82.6138424,77.77367433,77.77433233,77.76472787,2,27,1,8,3,5,1.0,1993,6,5,4,8,11.0,6,6,20,0,0
623,1,86.83138057,72.05127981,77.66037461,89.77067421,77.92675219,78.30838762,88.8224742,70.33397033,2,12,2,10,5,6,1.0,1983,5,14,4,3,20.0,6,7,20,20,0
624,1,80.05482732,76.13510886,62.93884815,73.60796285,85.31944067,72.48648275,73.32322586,78.53995373,2,25,1,4,3,5,1.0,1994,6,3,4,5,24.0,11,6,35,20,0
625,1,76.51708119,74.51599249,66.69170125,77.76704377,71.67059668,75.02696464,66.66514189,77.76472787,2,41,1,5,3,5,1.0,1979,5,16,6,4,32.0,22,21,0,0,0
626,1,62.11740024,62.66565108,70.29961138,64.86418868,66.17890861,63.91786819,62.07893555,55.54909078,1,3,2,1,4,5,2.0,1992,5,8,1,8,30.0,15,20,20,15,0
627,1,78.91791644,82.83214924,85.16608081,85.6115933,82.6138424,86.13606108,93.32260645,89.22184158,1,6,2,5,3,5,1.0,1990,6,6,3,3,10.0,3,4,20,25,0
628,1,78.34947453,73.53620438,81.41322771,81.92612469,77.92675219,72.48648275,64.31202169,81.44178887,1,5,2,2,3,5,1.0,1992,6,5,4,7,10.0,5,3,20,30,0
629,1,67.5609006,86.68533344,55.57808492,67.55437552,69.89531806,66.66457788,88.94457133,77.33879717,2,32,2,12,4,5,2.0,1988,5,10,3,4,25.0,15,20,10,0,0
631,1,99.0368881,99.0301718,99.0325502,99.98334246,99.97749794,99.99186723,99.9927132,99.98036497,2,35,1,12,3,5,1.0,1981,8,14,1,6,19.0,9,6,20,25,0
632,1,99.0368881,99.0301718,99.0325502,99.98334246,99.97749794,99.99186723,99.9927132,99.98036497,2,25,1,12,3,5,1.0,1981,8,14,1,6,18.0,11,5,20,25,0
659,1,81.68806034,83.52071989,85.16608081,78.18891256,84.01865341,83.5955792,84.44443909,81.86771957,2,32,1,10,5,6,1.0,1987,6,8,4,4,15.0,11,7,0,0,0
660,1,90.64424094,86.93028513,85.31102379,95.82426155,90.39527003,89.41748407,84.31140228,85.54478058,1,10,1,12,5,5,1.0,1975,5,20,7,9,20.0,15,7,36,11,0
662,1,75.77781441,75.4957806,74.19740745,65.34154453,65.32597444,66.8708057,66.78615591,65.88168347,1,30,1,10,3,5,1.0,1990,6,7,3,7,20.0,10,7,18,33,0
663,1,82.22884332,88.70978019,81.55817068,88.87519312,88.86999791,80.52038403,84.31140228,85.19548542,1,5,3,5,4,3,2.0,1995,5,3,4,4,24.0,9,8,20,33,0
664,1,90.0320147,86.89237296,92.52684404,92.56066173,88.86999791,83.5955792,86.7855365,89.64777228,1,9,1,5,3,5,1.0,1989,6,9,4,7,29.0,17,14,25,0,0
667,1,54.47027172,53.51039533,44.45446533,55.55074507,47.44854994,52.47751831,57.63985187,55.54909078,2,28,2,5,3,5,1.0,1991,6,6,5,5,30.0,11,10,20,28,0
668,1,73.92932275,72.77478601,66.69170125,74.08157516,71.67059668,71.95176946,75.49428348,65.88168347,2,10,2,6,3,5,1.0,1974,6,22,6,2,35.0,22,19,20,0,0
669,1,80.94879357,81.97445123,74.05246448,81.92612469,82.7780967,75.02696464,75.48226069,77.76472787,2,34,1,9,3,3,1.0,1986,5,12,4,2,36.0,32,32,14,13,0
670,1,70.55786375,86.52495475,77.80531758,88.87519312,84.01865341,77.77367433,88.88352277,88.87254642,2,10,2,8,3,5,1.0,1985,6,10,2,4,50.0,10,30,0,0,0
671,1,72.82009786,81.97445123,66.69170125,77.76704377,62.11389042,75.02696464,73.20221184,73.66173617,2,42,2,6,6,6,2.0,1976,6,21,6,2,40.0,20,19,10,30,0
672,1,87.07429814,86.89237296,77.80531758,85.1897245,85.79393203,80.84886951,82.16439024,85.54478058,1,12,2,8,3,5,1.0,1987,6,10,5,4,10.0,6,7,25,15,0
673,1,72.40635542,76.06226115,77.80531758,81.45251238,71.61036612,67.19929117,77.59226975,74.08766687,2,20,3,10,3,5,1.0,1987,6,10,4,6,19.0,10,7,20,30,0
674,1,76.75999877,72.08621536,74.19740745,78.66252487,77.59824359,69.41128758,79.93336716,73.66173617,1,15,2,7,3,5,1.0,1989,6,7,3,7,20.0,10,15,25,13,0
675,1,99.0368881,88.95473188,92.67178702,96.71974265,88.64551306,96.91667206,95.42059272,92.97553812,1,13,1,5,3,5,1.0,1988,6,8,3,3,30.0,20,26,10,0,1
676,1,85.24190481,85.62934458,85.16608081,86.0852056,84.01865341,86.13606108,84.50548765,85.54478058,1,10,1,8,4,6,1.0,1988,6,10,6,7,30.0,15,10,40,15,0
678,1,77.80869155,74.14857428,77.80531758,74.08157516,74.68643201,77.77367433,68.94519074,66.65690932,2,20,1,12,5,6,2.0,1980,5,17,5,1,30.0,25,20,0,0,0
680,1,71.29713052,85.2240142,70.44455435,78.66252487,80.83856378,83.5955792,86.59145113,78.11402303,2,30,2,5,3,2,1.0,1989,5,8,4,3,50.0,10,25,10,25,0
681,1,80.94879357,86.89237296,77.80531758,88.87519312,80.77833322,88.88277078,82.16439024,81.44178887,2,35,2,10,3,5,1.0,1984,6,13,4,8,15.0,9,13,0,0,0
682,1,84.50263803,83.8881381,77.80531758,85.1897245,77.76249789,83.06086591,77.77433233,81.86771957,2,5,2,10,4,5,2.0,1985,5,12,4,1,20.0,8,7,20,30,0
683,1,96.15751928,90.17984809,92.52684404,95.82426155,85.79393203,94.70467565,93.27358067,99.98036497,2,30,2,5,4,5,2.0,1986,6,10,1,3,11.0,12,10,0,35,0
684,1,80.94879357,84.46259583,88.91893392,81.92612469,82.07912049,83.06086591,82.34645282,78.88924889,2,45,1,25,4,5,2.0,1975,5,25,3,4,30.0,20,10,30,16,0
685,1,79.65718321,70.34500888,81.55817068,78.24065607,74.52217771,75.02696464,82.17641302,73.66173617,2,31,1,7,5,6,1.0,1989,6,9,4,2,35.0,13,15,15,30,0
686,1,80.22562512,79.47182639,85.31102379,88.87519312,79.22753946,85.80757561,75.67634606,76.98950202,2,36,2,6,3,5,1.0,1983,6,14,3,4,33.0,13,10,15,30,0
687,1,81.48957655,80.99466312,81.55817068,78.66252487,71.44611182,83.5955792,73.20221184,77.76472787,2,35,3,10,4,5,2.0,1986,6,12,4,6,15.0,10,10,15,5,0
688,1,81.68806034,83.48280772,88.91893392,77.76704377,84.13911452,77.44518886,82.16439024,81.09249372,2,39,1,1,5,6,1.0,1981,5,15,3,3,30.0,11,10,15,31,0
689,1,92.60367482,93.37104359,92.67178702,93.03427403,90.42079168,94.70467565,90.83644945,95.87737327,2,10,1,2,3,5,1.0,1988,6,10,3,5,30.0,11,12,15,30,0
691,1,80.05482732,82.07073087,66.69170125,81.45251238,82.7780967,86.13606108,84.50548765,81.86771957,1,10,1,10,3,5,1.0,1985,6,10,3,2,20.0,8,18,30,3,0
692,1,75.23703143,75.41160266,77.80531758,81.45251238,77.76249789,77.77367433,73.33524865,81.44178887,2,28,1,5,3,5,1.0,1991,6,7,4,4,25.0,12,18,20,10,0
693,1,88.92278981,87.65379133,77.80531758,81.45251238,80.77833322,80.84886951,79.8723186,88.87254642,2,30,2,7,4,5,2.0,1989,6,6,3,4,23.0,17,8,0,0,0
696,1,68.39994608,68.71456229,66.69170125,73.60796285,72.97138394,69.73977306,73.33524865,70.75990103,3,3,1,3,3,5,1.0,1983,5,12,3,2,100.0,95,80,14,10,0
697,1,93.58585917,74.11066211,85.16608081,85.1897245,77.76249789,77.77367433,86.60347392,88.87254642,2,15,2,12,5,6,1.0,1987,6,9,3,4,44.0,16,20,10,20,0
700,1,72.83619618,72.4073678,63.08379112,81.92612469,63.57893199,72.48648275,62.09302141,62.20462247,2,12,2,2,3,5,1.0,1984,5,13,4,4,18.0,10,13,20,5,0
701,1,79.1003019,87.24846095,81.55817068,78.18891256,83.85439911,72.28025494,71.49050793,72.88651032,2,36,2,5,3,5,1.0,1983,6,14,6,4,20.0,12,13,20,0,0
702,1,87.81356492,79.06649601,77.80531758,88.87519312,91.9460638,88.88277078,86.72448794,77.76472787,1,5,3,10,3,5,1.0,1985,6,12,4,1,25.0,15,8,0,17,0
703,1,77.48316721,75.3736905,74.19740745,81.03064359,74.43642551,83.5955792,82.21341601,81.86771957,1,10,2,5,3,5,1.0,1990,6,6,5,3,20.0,13,7,20,30,0
704,1,79.51404434,83.8881381,77.80531758,81.03064359,80.83856378,80.52038403,82.16439024,85.54478058,2,33,1,12,3,5,1.0,1987,6,13,7,9,35.0,30,30,14,12,0
705,1,76.75999877,81.3093125,74.05246448,74.50344395,65.35421061,86.67077438,86.73651072,84.76955472,1,10,2,8,4,5,2.0,1984,4,14,4,4,35.0,30,15,40,5,0
706,1,85.36894535,88.91681971,96.27969715,92.13879294,95.18638398,91.95796595,84.2993795,84.76955472,2,38,1,15,3,5,1.0,1982,4,15,3,2,30.0,12,11,15,33,0
707,1,83.93419612,87.65379133,88.91893392,84.7161122,87.09471929,88.88277078,88.88352277,88.87254642,2,9,2,8,3,5,1.0,1989,6,9,7,9,60.0,50,40,10,10,0
709,1,73.2061543,78.56488599,74.05246448,81.03064359,77.53801304,80.52038403,77.76230954,74.43696203,1,20,1,15,3,5,1.0,1980,6,18,4,1,50.0,20,40,0,0,0
711,1,79.83956868,84.500508,74.05246448,77.76704377,78.09100649,77.77367433,75.48226069,77.76472787,1,10,1,15,3,5,1.0,1982,6,15,1,7,16.0,10,4,20,30,0
712,1,81.68806034,79.64095374,85.16608081,77.76704377,79.06328516,79.98567074,79.86029581,88.87254642,1,5,2,3,3,5,1.0,1989,6,8,2,4,19.0,12,5,30,25,0
713,1,74.66858952,74.51599249,59.33093802,77.76704377,74.52217771,75.02696464,73.38427443,77.33879717,2,40,5,15,4,6,1.0,1980,6,17,2,3,19.0,10,15,0,7,0
714,1,72.22396995,82.83214924,88.91893392,85.1897245,77.76249789,80.52038403,88.88352277,88.87254642,2,10,1,1,4,5,2.0,1991,6,5,4,4,21.0,12,15,22,0,0
715,1,73.2061543,78.66116563,74.05246448,81.03064359,77.76249789,83.5955792,79.8723186,81.09249372,1,10,1,10,3,5,1.0,1990,8,6,4,4,28.0,22,20,10,0,0
716,1,82.79728523,81.09094276,81.55817068,77.76704377,81.00281808,83.5955792,82.34645282,81.86771957,2,42,1,16,4,3,2.0,1978,5,17,2,3,32.0,22,15,0,0,0
717,1,73.92932275,74.51599249,74.05246448,74.50344395,72.91115339,72.48648275,71.23726238,73.66173617,1,10,1,8,3,5,1.0,1990,5,6,4,2,30.0,20,26,0,0,0
718,1,80.94879357,83.8881381,88.91893392,85.6115933,82.6138424,86.67077438,86.53040257,85.11884988,2,20,1,8,5,6,1.0,1992,6,6,5,6,33.0,8,10,30,20,0
719,1,66.87697874,81.49627314,66.54338037,74.50344395,69.61060265,71.95176946,59.99503514,71.10919618,1,4,2,3,3,5,1.0,1993,6,1,5,8,30.0,9,10,20,20,0
720,1,77.06942477,79.82791437,74.19740745,78.66252487,80.83856378,69.41128758,80.05438118,70.75990103,2,30,2,10,5,2,1.0,1990,6,7,4,2,60.0,40,23,0,0,0
721,1,64.47514509,70.38292105,66.69170125,66.65889442,69.6708332,72.48648275,73.20221184,66.65690932,1,8,1,5,5,6,1.0,1988,5,8,4,2,45.0,21,25,25,10,0
722,1,76.34625632,77.80346762,74.05246448,74.50344395,75.82296497,72.48648275,75.43323492,73.66173617,2,20,2,13,3,5,1.0,1982,5,15,4,4,10.0,6,7,18,5,0
723,1,70.57396208,72.4073678,66.69170125,77.76704377,69.6708332,74.69847916,62.28710677,66.65690932,2,37,2,14,3,5,1.0,1983,3,17,4,4,18.0,7,6,20,33,0
725,1,67.80381817,60.53259735,70.29961138,70.34436303,65.35421061,66.99306336,59.73783814,59.99838235,1,3,2,8,3,5,1.0,1985,6,13,4,7,17.0,11,10,0,0,0
727,1,78.34947453,71.36270916,74.05246448,70.34436303,70.36980941,72.48648275,80.05438118,73.66173617,2,15,2,9,5,6,1.0,1987,6,11,4,7,18.0,7,11,0,25,0
728,1,78.73553097,74.51599249,74.19740745,74.50344395,77.59824359,72.48648275,73.38427443,73.66173617,2,40,5,15,4,5,2.0,1980,5,17,2,3,25.0,15,20,0,7,0
729,1,78.40481945,80.00837195,88.91893392,82.34799348,82.71786614,86.13606108,80.12745253,85.54478058,2,10,2,5,5,6,1.0,1985,6,8,4,2,21.0,12,16,0,0,0
730,1,64.51891347,71.51175763,55.57808492,59.70982599,63.47490824,63.58938271,62.27508399,73.66173617,2,3,1,7,3,3,1.0,1993,6,1,6,8,32.0,12,13,10,20,0
731,1,44.45639306,82.7358696,88.91893392,81.03064359,77.76249789,77.77367433,88.88352277,88.87254642,2,10,1,1,3,5,1.0,1994,6,3,3,4,17.0,12,11,20,0,0
732,1,55.58049501,74.11066211,63.08379112,77.76704377,77.76249789,66.66457788,77.77433233,81.44178887,2,10,1,1,3,3,1.0,1993,5,3,4,4,18.0,13,13,20,0,0
733,1,76.34625632,75.41160266,77.80531758,77.76704377,81.00281808,74.69847916,77.76230954,77.76472787,2,30,1,4,3,4,1.0,1989,6,7,6,2,50.0,30,30,0,0,0
734,1,87.07429814,88.91681971,77.80531758,88.87519312,85.79393203,88.88277078,88.88352277,88.87254642,2,35,2,2,3,5,1.0,1985,6,13,5,8,24.0,14,20,0,0,0
735,1,77.80869155,85.2240142,74.05246448,81.92612469,77.76249789,85.80757561,77.77433233,81.86771957,2,34,2,2,3,5,1.0,1986,4,12,6,7,20.0,13,18,0,0,0
736,1,87.81356492,85.62934458,88.91893392,88.87519312,82.71786614,71.95176946,71.22523959,74.08766687,2,10,1,20,3,5,1.0,1978,4,18,4,2,20.0,13,9,20,20,0
737,1,75.77781441,85.2240142,81.55817068,85.6115933,77.76249789,80.31415621,82.34645282,81.44178887,1,8,2,5,4,5,2.0,1985,5,13,5,6,20.0,10,6,19,25,0
738,1,67.80381817,80.23324475,74.05246448,77.76704377,71.67059668,77.77367433,75.48226069,74.43696203,2,39,1,1,5,6,1.0,1980,5,17,4,7,24.0,13,11,20,0,0
739,1,89.1212736,89.20005998,77.80531758,96.29787385,77.70226734,88.88277078,93.26155789,92.20031227,2,16,2,4,5,6,1.0,1988,6,10,6,6,12.0,5,5,0,30,0
740,1,73.92932275,71.71879715,66.69170125,74.50344395,74.52217771,68.87657429,73.20221184,74.43696203,1,13,3,8,4,5,2.0,1988,5,10,5,4,25.0,14,8,25,20,0
741,1,70.55786375,76.17302103,51.82185391,69.92249424,69.89531806,71.95176946,71.10422558,73.66173617,2,23,1,7,3,5,1.0,1986,6,9,4,7,26.0,17,9,20,20,0
742,1,75.23703143,77.80346762,77.80531758,77.76704377,77.28800654,75.23319245,77.72530655,77.76472787,2,32,1,9,3,5,1.0,1988,6,9,5,2,35.0,32,32,16,8,0
743,1,62.40148204,67.48944607,55.57808492,67.08076321,72.97138394,77.77367433,73.14116328,81.86771957,1,15,4,5,5,6,2.0,1987,4,10,7,9,30.0,20,11,50,10,0
747,1,72.82009786,71.10642725,77.80531758,74.08157516,69.89531806,66.66457788,68.95721353,73.66173617,2,36,1,1,3,5,1.0,1981,5,15,6,4,41.0,26,16,20,20,0
1063,1,76.37394232,76.33339972,85.31102379,81.92612469,81.00281808,81.05509732,79.69025602,65.88168347,2,19,1,6,3,5,1.0,1984,5,12,1,2,15.0,7,10,30,10,0
1064,1,71.29713052,69.97759067,66.69170125,70.81797534,69.89531806,66.66457788,71.23726238,70.75990103,2,35,1,9,3,5,1.0,1984,5,12,7,9,40.0,25,35,10,0,0
1065,1,93.19980272,93.37104359,73.9041436,96.71974265,96.90143205,96.91667206,95.55362952,96.30330397,2,31,2,6,5,6,1.0,1989,6,7,6,2,11.0,15,12,18,20,0
1066,1,82.41122879,83.52071989,81.55817068,84.7161122,81.00281808,80.52038403,82.34645282,85.54478058,2,10,1,6,5,6,1.0,1983,5,12,4,6,16.0,10,5,20,20,0
1067,1,71.38300684,82.98082128,59.03767417,72.71248175,56.72345736,79.98567074,78.08943171,86.32000643,1,14,3,10,3,5,1.0,1991,5,10,7,9,20.0,14,12,30,0,0
1068,1,82.85781735,75.81693304,81.41322771,73.60796285,79.53777651,88.88277078,84.49346486,76.98950202,2,29,2,2,5,6,1.0,1990,4,4,2,5,30.0,11,11,20,30,0
1070,1,83.19492935,74.39390238,70.44455435,81.50425589,77.70226734,82.73238044,73.15318607,88.87254642,2,32,2,8,3,5,1.0,1988,6,8,3,4,30.0,14,22,20,0,0
1071,1,82.22884332,88.91681971,77.80531758,81.45251238,82.7780967,88.88277078,97.70064157,88.87254642,1,5,2,5,5,6,1.0,1987,5,9,4,3,14.0,10,8,15,40,0
1074,1,79.83956868,73.75457412,77.80531758,81.45251238,77.28800654,72.48648275,71.04317701,66.65690932,1,17,1,12,3,5,1.0,1988,5,7,7,9,30.0,22,10,0,0,0
1077,1,90.77128148,92.60962522,96.27969715,88.87519312,92.1103181,85.80757561,93.32260645,92.97553812,2,18,2,6,5,6,1.0,1985,3,12,3,4,14.0,8,7,25,28,0
1078,1,78.53185999,60.39840554,70.44455435,67.55437552,70.97162047,72.48648275,62.40812079,55.54909078,2,35,2,15,3,5,1.0,1985,5,13,5,6,14.0,15,7,50,7,0
1079,1,60.10153923,65.27803869,48.06900081,67.55437552,74.85068631,79.98567074,64.56715562,66.23097863,2,18,2,12,3,5,1.0,1982,5,14,3,3,12.0,5,6,0,20,0
1080,1,65.40298292,76.94576962,66.83664422,73.60796285,76.35768688,69.94600087,77.77433233,74.01103133,2,10,1,5,3,5,1.0,1988,4,8,5,4,10.0,8,7,20,10,0
1081,1,97.07917152,92.20429484,73.9041436,99.98334246,92.1103181,91.62948048,91.16357162,99.98036497,2,29,1,4,5,6,1.0,1991,6,5,5,5,11.0,10,11,20,0,0
1082,1,42.60790139,45.58439782,37.0937021,41.16899757,38.11361401,41.6896761,39.86464126,40.32828249,2,32,1,12,3,5,1.0,1988,6,12,6,1,37.0,33,33,25,0,0
1103,1,64.60318404,64.94890906,70.29961138,70.34436303,57.32277647,72.28025494,73.20221184,62.12429386,2,36,2,10,5,6,1.0,1983,6,12,4,2,22.0,12,8,20,25,0
1104,1,85.78268779,86.89237296,74.19740745,85.6115933,80.83856378,80.52038403,82.16439024,77.33879717,2,40,1,10,3,5,1.0,1980,5,16,7,9,30.0,25,15,25,6,0
1105,1,71.29713052,72.77478601,77.80531758,81.45251238,71.73082723,66.66457788,75.49428348,78.19065857,2,15,2,10,5,6,1.0,1985,5,12,4,4,30.0,9,14,10,20,0
1106,1,83.93419612,78.66116563,81.41322771,85.1897245,76.46171063,77.77367433,80.05438118,84.76955472,1,15,1,12,3,5,1.0,1984,5,13,4,6,46.0,25,14,30,20,0
1107,1,81.48957655,84.500508,81.55817068,88.87519312,88.86999791,91.62948048,84.50548765,88.87254642,2,10,2,7,5,6,1.0,1984,5,12,4,6,36.0,23,13,20,20,0
1109,1,74.25484708,72.4073678,74.05246448,77.76704377,79.22753946,69.41128758,79.92134438,77.76472787,1,10,2,8,3,5,1.0,1981,5,16,4,3,12.0,8,4,0,50,0
1111,1,73.92932275,66.69011554,74.05246448,77.34517498,75.92698872,72.48648275,77.58024696,74.78625718,2,30,2,10,3,5,1.0,1989,6,8,4,5,39.0,22,19,0,20,0
1112,1,85.04342101,83.8881381,77.80531758,81.45251238,84.01865341,83.06086591,75.48226069,74.43696203,2,34,2,5,3,5,1.0,1985,5,11,4,2,25.0,13,9,0,0,0
1113,1,82.41122879,84.46259583,81.55817068,81.92612469,88.86999791,83.5955792,84.44443909,81.86771957,2,11,2,8,3,5,1.0,1989,6,8,7,9,60.0,50,40,10,10,0
1114,1,78.91791644,77.80346762,70.29961138,77.76704377,66.71522843,66.12986459,68.82417673,70.75990103,1,10,1,5,4,6,2.0,1983,5,13,6,3,20.0,16,15,20,15,0
1117,1,82.41122879,83.60489783,74.19740745,85.1897245,79.0030546,83.06086591,82.16439024,82.21701473,2,31,1,8,6,6,2.0,1989,6,8,4,3,30.0,22,26,16,6,0
1118,1,73.92932275,74.51599249,70.44455435,70.81797534,72.91115339,72.48648275,71.0551998,70.33397033,1,10,1,11,4,5,2.0,1990,5,8,1,3,35.0,27,18,25,10,0
1119,1,77.26790856,76.91995915,74.05246448,74.08157516,69.73106376,82.73238044,77.95639491,78.88924889,2,7,1,6,5,6,1.0,1986,8,7,3,7,32.0,16,10,20,30,0
1120,1,70.94392019,73.75457412,74.19740745,76.87156267,76.04744983,63.79561053,73.15318607,80.66656302,2,5,4,3,3,5,1.0,1970,4,25,9,11,60.0,55,50,15,0,0
1122,1,88.92278981,88.91681971,88.91893392,88.87519312,88.86999791,88.88277078,88.88352277,88.87254642,2,28,1,3,3,5,1.0,1984,6,11,4,2,40.0,24,19,25,0,0
1299,1,87.81356492,82.2576915,85.16608081,81.92612469,77.76249789,83.06086591,77.77433233,81.44178887,2,28,1,3,3,5,1.0,1992,6,4,4,4,23.0,9,14,0,25,0
1300,1,72.40635542,72.08621536,70.44455435,74.50344395,75.98721927,75.23319245,77.58024696,74.43696203,2,10,3,8,3,5,1.0,1990,6,5,5,8,38.0,13,21,15,0,0
1301,1,81.18015054,73.2650658,74.19740745,80.55703128,73.4458753,72.15799728,77.72530655,70.75990103,1,15,2,3,3,5,1.0,1985,6,11,5,4,33.0,28,17,0,0,0
1302,1,73.38853977,73.53620438,66.69170125,77.76704377,75.98721927,77.77367433,66.66514189,77.76472787,2,35,1,9,3,5,1.0,1984,6,12,6,2,30.0,20,20,0,0,0
1303,1,79.83956868,79.06649601,85.16608081,77.76704377,77.76249789,74.69847916,80.06640397,84.76955472,2,17,2,10,5,6,1.0,1985,5,11,7,9,40.0,24,35,0,0,1
1305,1,70.63449419,72.36945563,70.44455435,73.60796285,71.61036612,78.10215981,75.28817533,81.09249372,2,15,1,3,5,6,1.0,1992,5,4,4,5,13.0,11,11,8,0,0
1306,1,81.68806034,83.60489783,85.16608081,81.92612469,82.24337479,83.5955792,79.8723186,77.76472787,1,25,2,9,3,5,1.0,1985,5,12,7,9,24.0,19,18,0,0,1
1307,1,76.69946665,77.80346762,77.80531758,77.76704377,77.76249789,77.77367433,77.77433233,77.76472787,2,10,2,5,3,5,1.0,1987,4,9,5,5,15.0,12,9,20,10,0
1308,1,83.21102768,83.23747961,77.80531758,84.7161122,81.00281808,83.06086591,80.05438118,85.54478058,1,12,2,9,3,5,1.0,1985,4,11,7,9,24.0,17,15,0,0,0
1310,1,75.23703143,81.49627314,88.91893392,73.60796285,74.52217771,72.48648275,82.34645282,74.08766687,2,10,1,10,5,6,1.0,1984,8,9,6,6,30.0,19,12,10,25,0
1312,1,77.80869155,77.80346762,77.80531758,77.76704377,77.76249789,80.84886951,77.77433233,77.76472787,1,10,1,5,3,5,1.0,1990,5,6,3,4,20.0,5,16,20,15,0
1314,1,82.82497123,83.23747961,81.55817068,81.45251238,82.6138424,83.5955792,84.44443909,85.54478058,1,15,1,10,3,5,1.0,1990,5,6,5,8,18.0,10,8,0,0,0
1317,1,77.99107701,81.09094276,62.93884815,81.45251238,77.98698275,83.5955792,86.60347392,81.86771957,1,6,2,7,3,5,1.0,1990,4,7,4,4,18.0,11,13,33,10,0
1318,1,79.83956868,79.06649601,81.55817068,81.03064359,87.09471929,80.52038403,82.16439024,81.09249372,1,10,2,8,3,5,1.0,1985,4,12,7,9,21.0,18,15,0,0,0
1319,1,77.80869155,77.80346762,77.80531758,77.76704377,77.76249789,77.77367433,77.77433233,77.76472787,2,20,2,9,4,6,1.0,1986,5,10,3,6,10.0,6,7,10,0,0
1320,1,91.7373675,71.51175763,70.29961138,71.23984413,71.50634238,64.45258148,66.47105653,73.23580547,2,29,3,4,3,5,1.0,1991,5,6,3,4,40.0,22,21,32,5,0
1321,1,69.11152686,72.12412753,81.41322771,81.03064359,76.21170413,80.84886951,84.49346486,85.19548542,1,8,2,5,3,5,1.0,1990,6,6,6,4,20.0,12,18,10,5,0
1322,1,76.69946665,80.80770249,66.69170125,74.08157516,71.50634238,74.69847916,68.76312816,77.76472787,2,31,2,5,3,5,1.0,1989,5,9,4,2,24.0,16,18,25,0,0
1323,1,75.23703143,77.80346762,74.05246448,70.81797534,80.83856378,77.44518886,75.67634606,73.66173617,2,13,2,10,3,5,1.0,1985,5,12,4,3,20.0,12,14,10,10,0
1324,1,86.89191268,86.52495475,81.55817068,85.6115933,77.76249789,86.13606108,84.50548765,85.54478058,2,33,1,6,5,6,1.0,1986,6,8,3,4,23.0,14,7,20,25,0
1325,1,74.31537919,74.43181455,74.05246448,74.50344395,72.74689909,71.95176946,73.38427443,73.66173617,1,20,1,8,3,5,1.0,1985,5,12,7,9,30.0,25,26,15,15,0
1326,1,64.84610161,57.81775776,59.33093802,70.81797534,73.1958688,67.19929117,71.03115423,51.78870588,2,36,1,10,3,5,1.0,1984,6,12,3,2,30.0,15,20,0,0,0
1327,1,72.02029897,82.83214924,63.08379112,85.6115933,86.01841688,86.13606108,84.44443909,67.77843505,1,20,1,7,3,5,1.0,1982,5,14,6,2,31.0,12,11,18,0,0
1328,1,78.91791644,77.80346762,77.80531758,74.50344395,80.77833322,77.77367433,80.06640397,81.09249372,2,31,1,5,5,6,1.0,1988,6,10,5,2,50.0,20,45,0,0,0
1472,1,76.82650719,70.73900904,77.66037461,74.50344395,84.01865341,58.63067661,77.70126098,77.33879717,2,31,2,2,3,5,1.0,1989,6,8,5,4,20.0,14,13,0,0,0
1473,1,76.10333875,82.2576915,66.69170125,88.87519312,71.67059668,77.77367433,86.59145113,81.44178887,2,21,2,6,3,5,1.0,1977,6,19,6,3,28.0,10,12,25,0,0
1474,1,88.92278981,88.91681971,96.27969715,88.87519312,91.88583325,91.62948048,95.6026553,96.65259912,2,8,1,5,3,5,1.0,1986,6,9,4,7,25.0,15,9,20,20,0
1476,1,66.69459328,63.68588068,74.05246448,70.81797534,63.57893199,67.19929117,71.04317701,77.76472787,1,6,1,5,4,6,1.0,1991,5,8,4,2,20.0,10,12,30,10,0
1478,1,88.92278981,90.94126646,88.91893392,93.03427403,92.1103181,91.62948048,93.45564325,92.97553812,2,9,2,5,3,5,1.0,1986,6,9,4,2,25.0,15,9,20,20,0
1479,1,77.80869155,82.83214924,77.80531758,77.76704377,85.62967773,88.88277078,77.77433233,85.19548542,2,38,1,10,3,5,1.0,1982,6,15,9,11,30.0,20,10,0,0,0
1480,1,79.83956868,84.46259583,85.16608081,84.7161122,80.83856378,80.52038403,82.34645282,84.76955472,2,13,1,7,3,5,1.0,1985,6,12,7,9,30.0,21,20,0,0,0
1482,1,96.89678605,94.63407197,88.91893392,96.71974265,85.62967773,94.16996236,90.98150904,96.65259912,2,32,1,5,6,6,2.0,1988,4,10,3,4,8.0,9,14,25,0,0
1483,1,82.95201177,85.11325432,85.31102379,84.29424341,87.7936955,77.77367433,86.53040257,77.76472787,1,17,1,5,3,5,1.0,1988,6,10,5,7,25.0,14,12,19,14,0
1484,1,86.89191268,88.91681971,88.91893392,88.87519312,85.79393203,88.88277078,88.88352277,85.54478058,2,48,3,24,5,6,1.0,1972,3,30,4,2,25.0,14,8,20,33,0
1485,1,83.39341314,87.65379133,81.55817068,88.87519312,85.79393203,88.88277078,82.15236745,88.87254642,2,48,3,24,3,5,1.0,1972,6,24,4,7,25.0,10,8,20,25,0
1488,1,80.38035166,77.43604941,77.80531758,84.7161122,80.77833322,77.77367433,82.16439024,81.44178887,2,29,1,3,5,6,1.0,1990,6,6,4,6,30.0,9,8,30,20,0
1489,1,88.92278981,88.91681971,85.16608081,88.87519312,88.86999791,88.88277078,88.88352277,88.87254642,2,20,1,8,5,6,1.0,1986,6,10,4,3,21.0,9,5,30,25,0
1490,1,56.50114885,53.55049452,44.45446533,47.69913474,45.98510628,52.80629945,51.1619421,54.77017186,1,19,1,14,3,5,1.0,1986,6,14,6,2,37.0,34,32,17,7,0
1491,1,89.66205658,85.2240142,88.91893392,82.34799348,74.74666256,66.66457788,84.50548765,70.41060587,2,6,1,3,3,5,1.0,1991,6,6,4,3,14.0,6,7,20,0,1
1494,1,83.93419612,86.89237296,81.55817068,88.87519312,85.62967773,88.88277078,84.44443909,84.76955472,1,15,2,10,5,6,1.0,1987,6,10,1,2,35.0,18,25,0,17,0
1498,1,74.99411386,69.97759067,77.80531758,70.34436303,72.74689909,69.41128758,68.94519074,73.66173617,2,32,2,7,5,6,1.0,1987,6,7,4,4,23.0,13,10,0,25,0
1499,1,73.92932275,74.51599249,74.05246448,81.92612469,72.74689909,74.69847916,71.23726238,66.23097863,1,4,4,5,3,5,1.0,1994,5,5,4,7,30.0,19,20,0,0,0
1500,1,71.47951599,76.67463104,66.69170125,74.50344395,65.57869546,71.95176946,71.04317701,74.08766687,2,30,2,2,3,5,1.0,1990,6,7,4,3,30.0,16,9,30,20,0
1521,1,73.32800765,83.8881381,77.80531758,84.7161122,80.77833322,85.80757561,91.1755944,99.98036497,1,5,2,4,3,5,1.0,1990,8,5,6,7,20.0,12,10,30,10,0
1522,1,76.28572421,78.56488599,74.05246448,77.76704377,81.00281808,78.10215981,75.48226069,81.09249372,2,33,1,10,3,5,1.0,1986,6,11,5,7,30.0,15,18,30,5,0
1523,1,83.33806822,79.06649601,74.05246448,81.45251238,77.76249789,88.88277078,88.88352277,85.19548542,1,16,2,15,4,5,2.0,1980,5,19,1,3,35.0,15,20,0,0,0
1524,1,66.36906895,74.79923276,63.08379112,77.76704377,62.56014561,77.77367433,66.66514189,70.33397033,1,9,1,15,4,5,1.0,1984,8,12,6,2,30.0,25,26,0,0,0
1525,1,96.15751928,98.76714341,88.91893392,99.98334246,93.66111187,91.95796595,99.9927132,99.98036497,2,29,2,5,3,5,1.0,1982,6,14,3,7,50.0,10,17,20,33,0
1526,1,84.32025257,79.82791437,85.16608081,81.45251238,83.85439911,80.52038403,82.34645282,85.54478058,2,38,1,10,3,5,1.0,1982,5,14,3,2,22.0,17,17,22,10,0
1527,1,72.09692941,81.56912085,77.80531758,74.08157516,74.52217771,75.56167793,75.6152975,74.43696203,2,35,1,6,4,5,2.0,1985,6,11,7,9,28.0,20,10,40,8,0
1530,1,47.0303679,51.91858037,55.57808492,51.86195921,47.5088347,47.51434892,48.8307711,47.76203533,2,40,2,20,3,5,1.0,1980,6,20,3,2,50.0,40,40,10,5,0
1531,1,81.93097792,80.34438106,74.19740745,84.7161122,85.79393203,88.88277078,82.21341601,81.09249372,2,36,1,11,5,6,1.0,1983,6,15,6,2,40.0,35,22,0,0,1
1535,1,99.0368881,99.0301718,99.0325502,99.98334246,99.97749794,99.99186723,99.9927132,99.98036497,2,27,2,5,5,6,1.0,1992,8,5,4,5,25.0,8,6,40,0,0
1536,1,79.51404434,70.38292105,77.80531758,76.87156267,64.87971925,66.66457788,68.95721353,62.55391762,2,30,1,5,3,5,1.0,1988,5,12,3,2,15.0,10,10,30,10,0
1537,1,77.06942477,80.23324475,77.80531758,74.50344395,74.52217771,72.48648275,75.67634606,85.19548542,2,40,1,15,3,5,1.0,1980,6,17,3,2,20.0,15,7,0,0,0
1540,1,85.96507325,87.65379133,81.55817068,85.1897245,81.00281808,80.52038403,86.7855365,84.76955472,1,12,2,5,3,5,1.0,1989,6,8,8,10,15.0,60,50,10,10,0
1542,1,75.77781441,77.80346762,77.80531758,77.76704377,77.76249789,77.77367433,77.77433233,77.76472787,2,10,2,5,6,6,2.0,1989,6,8,3,2,20.0,16,15,30,15,0
1543,1,84.32025257,81.45836097,77.80531758,84.7161122,74.52217771,74.69847916,82.15236745,77.76472787,2,40,1,17,4,5,2.0,1980,4,16,6,2,20.0,10,16,0,0,0
1545,1,76.28572421,74.14857428,66.54338037,84.7161122,80.83856378,80.52038403,84.32342507,84.76955472,1,7,1,8,3,5,1.0,1983,6,14,4,7,40.0,20,15,0,0,0
1546,1,80.38035166,80.19533259,74.05246448,77.76704377,77.76249789,72.48648275,77.77433233,73.66173617,2,40,1,10,3,5,1.0,1980,6,15,3,2,50.0,45,40,0,0,0
1547,1,77.80869155,72.98182553,74.05246448,77.76704377,71.50634238,83.06086591,77.9684177,81.86771957,2,35,1,15,5,6,1.0,1985,6,10,6,2,50.0,35,45,0,0,0
1548,1,75.96019988,79.82791437,74.05246448,74.50344395,80.83856378,72.48648275,75.48226069,73.66173617,1,23,1,15,5,6,1.0,1983,4,13,6,3,50.0,30,40,0,0,0
1549,1,99.0368881,95.17061754,99.0325502,99.98334246,99.97749794,99.99186723,99.9927132,99.98036497,2,15,2,10,3,5,1.0,1985,6,13,5,3,40.0,24,8,30,25,0
1550,1,61.10987169,79.06649601,74.05246448,77.76704377,76.15147357,80.52038403,75.6152975,67.43213518,2,30,1,10,3,5,1.0,1987,6,10,4,1,45.0,17,25,0,30,0
1553,1,84.32025257,81.09094276,81.55817068,81.03064359,81.00281808,78.10215981,77.76230954,81.09249372,2,38,1,13,4,5,2.0,1981,6,17,7,9,26.0,21,11,0,0,1
1555,1,82.10180278,85.62934458,81.41322771,74.08157516,77.98698275,80.52038403,75.30019811,78.53995373,1,11,2,3,4,5,2.0,1990,5,6,6,4,40.0,22,28,0,0,1
1556,1,81.11961843,88.91681971,88.91893392,88.87519312,88.86999791,88.88277078,80.05438118,81.86771957,2,50,2,30,3,5,1.0,1970,6,25,6,2,50.0,40,46,0,0,1
1557,1,76.34625632,77.80346762,70.44455435,74.08157516,72.97138394,67.19929117,82.16439024,73.66173617,1,20,2,7,3,5,1.0,1983,5,10,3,4,18.0,12,15,10,5,0
1559,1,84.32025257,85.62934458,85.16608081,77.76704377,81.00281808,83.06086591,84.44443909,84.76955472,2,36,1,8,3,5,1.0,1984,5,13,3,2,26.0,18,18,25,10,0
1560,1,70.37547828,66.1156578,66.69170125,70.34436303,68.43027649,69.41128758,75.30019811,81.44178887,2,38,3,8,5,6,1.0,1980,5,14,4,3,20.0,13,14,15,7,0
1564,1,73.2061543,74.14857428,74.05246448,74.08157516,76.52194118,77.77367433,77.77433233,81.09249372,2,19,2,10,5,6,1.0,1984,5,12,6,6,17.0,9,9,0,0,0
1565,1,70.63449419,71.51175763,81.55817068,77.76704377,72.74689909,66.66457788,77.59226975,70.33397033,2,22,2,11,5,6,1.0,1983,4,14,6,6,18.0,8,13,0,0,0
1566,1,69.65230984,74.51599249,77.80531758,70.34436303,74.68643201,69.73977306,66.66514189,66.65690932,1,20,2,8,3,5,1.0,1981,5,14,3,4,16.0,8,11,20,0,0
1572,1,77.80869155,77.80346762,77.80531758,77.76704377,77.76249789,77.77367433,77.77433233,77.76472787,1,11,1,6,3,5,1.0,1994,5,3,7,9,15.0,10,12,13,6,0
1573,1,75.77781441,80.23324475,74.05246448,81.45251238,77.76249789,85.80757561,73.33524865,70.33397033,2,20,2,10,5,6,1.0,1981,6,15,6,6,20.0,10,10,0,0,0
1574,1,83.21102768,75.00627228,66.69170125,77.76704377,75.76273442,72.48648275,77.58024696,59.57245165,1,21,3,12,5,6,1.0,1982,4,14,4,6,21.0,11,12,0,0,0
1575,1,79.33165888,73.53620438,77.80531758,66.65889442,74.68643201,69.73977306,75.68836885,66.65690932,1,20,3,10,3,6,1.0,1984,6,8,5,3,20.0,12,16,10,0,0
1576,1,73.14562219,75.77902087,59.33093802,66.65889442,72.91115339,75.35545011,82.34645282,81.51842442,2,40,4,12,5,6,1.0,1978,4,15,4,2,26.0,15,13,25,6,0
1577,1,80.62326923,74.51599249,85.16608081,88.87519312,85.79393203,77.77367433,80.11542974,77.76472787,2,46,1,20,3,5,1.0,1974,6,23,4,2,35.0,30,25,25,15,0
1578,1,95.6167363,87.09941248,85.16608081,77.76704377,80.77833322,77.77367433,68.76312816,73.66173617,2,32,1,8,3,5,1.0,1988,6,8,5,2,33.0,28,28,10,7,0
1698,1,88.92278981,88.91681971,74.05246448,85.6115933,88.64551306,86.13606108,86.54242535,88.52325126,2,35,1,5,3,5,1.0,1985,6,12,5,2,25.0,15,10,0,0,0
1699,1,77.61020775,74.33553491,62.93884815,82.39973699,74.68643201,96.91667206,82.20139323,74.43696203,2,5,2,8,3,5,1.0,1990,6,7,6,4,20.0,6,9,20,0,0
1701,1,44.45639306,44.45340835,44.45446533,44.43259739,49.28571123,47.51434892,44.43676175,41.10350835,2,9,1,15,6,6,2.0,1970,6,26,6,6,22.0,5,10,35,5,0
1702,1,83.93419612,78.78325574,74.19740745,77.76704377,74.52217771,71.95176946,73.38427443,76.98950202,2,35,3,10,4,5,2.0,1985,6,12,2,2,20.0,12,15,0,0,0
1704,1,79.83956868,80.80770249,85.16608081,88.87519312,85.62967773,88.55428531,80.05438118,89.22184158,2,10,1,8,3,5,1.0,1990,6,8,5,2,30.0,10,12,20,25,0
1705,1,92.47663427,84.46259583,77.80531758,77.76704377,77.59824359,72.28025494,79.90932159,75.21218788,1,12,1,6,5,6,1.0,1988,6,8,6,4,38.0,14,15,20,10,0
1706,1,37.04094194,43.40194575,37.0937021,40.69870252,52.528948,47.51434892,57.65393773,55.54909078,1,13,2,3,3,5,1.0,1992,6,2,5,4,36.0,20,30,14,0,0
1709,1,80.38035166,69.84339887,62.93884815,86.5070744,66.65499787,91.09476719,86.57942835,59.22615178,1,30,2,8,3,5,1.0,1990,6,7,6,3,26.0,16,9,20,20,0
1710,1,80.02714133,80.48655005,88.77399094,79.08439366,85.79393203,73.34968152,86.72448794,81.94435512,1,28,2,5,3,5,1.0,1992,6,6,5,5,23.0,11,16,0,0,0
1711,1,92.06289183,97.60039467,92.67178702,96.71974265,91.9460638,97.24515753,91.11454584,92.20031227,2,10,2,12,5,6,1.0,1987,6,10,3,5,25.0,7,7,20,25,0
1712,1,79.83956868,83.23747961,77.80531758,92.56066173,83.85439911,83.5955792,82.16439024,88.87254642,2,12,1,8,3,5,1.0,1990,6,8,3,3,24.0,12,8,20,20,0
1714,1,82.41122879,81.09094276,85.16608081,77.76704377,88.86999791,83.5955792,84.49346486,85.54478058,2,38,2,12,4,5,2.0,1982,4,14,5,3,30.0,20,13,0,0,0
1715,1,75.23703143,79.33763458,74.05246448,77.76704377,84.01865341,72.48648275,75.49428348,74.08766687,1,15,2,7,5,6,1.0,1987,6,11,4,5,17.0,8,9,10,0,0
1717,1,75.03336045,71.51175763,62.93884815,78.24065607,80.83856378,80.52038403,75.54330926,70.75990103,2,22,1,18,3,5,1.0,1978,6,19,2,3,19.0,11,9,20,0,0
1719,1,92.78606028,89.67823808,70.44455435,92.13879294,87.1804715,83.26709373,86.77351371,99.98036497,2,30,1,4,3,5,1.0,1990,6,7,8,10,20.0,13,9,20,20,0
1720,1,66.69459328,69.11989267,66.69170125,66.65889442,66.65499787,66.66457788,66.66514189,66.65690932,2,32,2,10,5,6,1.0,1988,6,10,2,5,12.0,5,3,20,30,0
1721,1,89.10517527,87.38265275,81.55817068,77.76704377,92.1103181,86.67077438,86.54242535,88.52325126,1,25,1,3,3,5,1.0,1989,6,8,4,7,35.0,23,10,30,20,0
1722,1,77.99107701,81.45836097,85.16608081,81.03064359,84.01865341,77.44518886,71.23726238,81.09249372,2,33,1,8,3,5,1.0,1987,6,8,5,6,13.0,7,5,10,20,0
1724,1,66.13604816,64.94890906,74.05246448,69.92249424,75.98721927,77.77367433,62.22605821,69.98467517,1,10,2,12,4,5,2.0,1980,6,17,3,2,30.0,20,20,20,17,0
1725,1,87.33331405,82.2576915,66.54338037,81.03064359,87.09471929,77.77367433,80.05438118,81.09249372,1,11,1,1,3,5,1.0,1985,5,10,7,9,35.0,20,25,0,0,0
1726,1,80.38035166,76.54043924,73.9041436,77.76704377,71.67059668,74.69847916,84.31140228,81.86771957,1,9,1,4,3,5,1.0,1985,5,10,4,2,40.0,25,30,15,5,0
1727,1,95.43435083,94.3508317,96.27969715,92.13879294,91.88583325,96.91667206,88.94457133,92.54960742,2,33,3,10,3,5,1.0,1987,6,9,4,4,26.0,17,11,10,20,0
1728,1,86.89191268,91.92105457,96.27969715,87.97971202,84.01865341,83.38935139,84.48144208,50.31457532,1,8,2,6,3,5,1.0,1988,6,8,1,4,35.0,13,13,20,10,0
1730,1,73.2061543,75.77902087,59.33093802,70.81797534,77.92675219,77.44518886,77.58024696,78.53995373,2,40,3,15,4,5,2.0,1980,5,18,2,2,25.0,15,18,0,13,0
1731,1,81.48957655,85.62934458,77.80531758,81.03064359,80.77833322,77.77367433,79.8723186,85.19548542,2,10,1,6,3,5,1.0,1986,5,10,4,6,24.0,16,18,20,0,0
1734,1,77.80869155,77.80346762,81.55817068,84.7161122,82.55361184,80.52038403,82.15236745,81.44178887,1,17,2,12,3,6,1.0,1988,6,13,5,8,21.0,9,8,50,0,0
1735,1,96.15751928,91.88314241,77.95026056,93.45614283,90.80953083,97.24515753,82.08037921,83.99432886,2,30,1,5,3,5,1.0,1990,4,8,8,10,22.0,13,12,0,30,0
1736,1,70.37547828,70.95737878,77.80531758,74.08157516,77.76249789,71.95176946,75.67634606,74.43696203,1,10,2,8,3,5,1.0,1987,4,10,4,7,30.0,17,11,25,20,0
1737,1,84.32025257,82.07073087,88.91893392,84.7161122,80.83856378,83.06086591,82.15236745,84.76955472,1,12,2,6,3,5,1.0,1989,6,5,8,10,40.0,35,30,10,10,0
1798,1,80.94879357,83.48280772,85.16608081,81.03064359,82.6138424,83.06086591,64.50610706,85.54478058,2,33,1,8,3,5,1.0,1987,6,8,3,4,13.0,7,4,0,55,0
1800,1,73.33319484,75.77902087,51.96354944,77.76704377,71.13587477,74.69847916,73.1291405,55.11946702,2,28,1,5,5,6,1.0,1992,6,5,1,8,25.0,12,20,10,5,0
1801,1,68.72547041,73.53620438,74.05246448,70.81797534,69.73106376,74.69847916,66.66514189,66.65690932,1,20,1,9,4,6,1.0,1987,6,10,4,2,30.0,20,15,0,17,0
1802,1,77.80869155,77.80346762,77.80531758,77.76704377,77.76249789,77.77367433,77.77433233,77.76472787,2,38,1,13,6,6,2.0,1982,5,15,7,9,60.0,50,50,15,10,0
1803,1,75.77781441,78.78325574,77.80531758,81.03064359,82.7780967,83.5955792,71.0551998,74.43696203,1,15,2,2,4,4,1.0,1989,5,6,5,5,20.0,11,15,0,0,0
1804,1,63.56438805,79.73163474,70.1512905,79.55800596,80.83856378,77.44518886,77.56822418,62.55391762,2,30,1,7,5,6,1.0,1981,6,16,4,6,34.0,15,12,20,30,0
1805,1,65.77294104,66.97335581,62.93884815,67.08076321,72.74689909,75.02696464,68.76312816,70.33397033,2,3,2,10,3,5,1.0,1973,8,23,3,7,50.0,40,25,0,13,0
1807,1,99.0368881,97.60039467,88.91893392,96.29787385,96.90143205,99.99186723,99.9927132,99.98036497,2,31,1,7,3,5,1.0,1988,6,6,4,2,50.0,26,20,20,25,0
1809,1,99.0368881,99.0301718,99.0325502,99.98334246,99.97749794,94.16996236,93.33462924,85.54478058,2,35,1,10,6,3,2.0,1985,8,10,1,2,50.0,10,19,30,20,0
1810,1,99.0368881,99.0301718,99.0325502,99.98334246,99.97749794,99.99186723,99.9927132,99.98036497,2,35,1,10,3,5,1.0,1984,5,10,3,4,15.0,10,3,0,55,0
1812,1,66.69459328,66.69011554,66.69170125,66.65889442,66.65499787,66.66457788,71.04317701,69.98467517,2,15,1,5,3,5,1.0,1985,4,11,5,2,19.0,13,9,30,10,0
1813,1,81.36253601,88.02120954,88.91893392,85.6115933,82.07912049,88.88277078,84.44443909,77.76472787,1,17,1,11,5,6,1.0,1988,5,10,3,6,40.0,18,20,0,0,1
1814,1,78.91791644,77.80346762,74.05246448,77.76704377,77.76249789,77.77367433,84.44443909,85.19548542,2,30,2,6,6,1,2.0,1989,6,8,6,4,26.0,16,16,0,0,0
1816,1,86.89191268,85.62934458,77.80531758,88.87519312,84.01865341,88.88277078,84.31140228,84.76955472,2,25,1,2,3,3,1.0,1992,6,4,4,7,36.0,19,30,0,0,1
1817,1,85.24190481,87.65379133,88.91893392,85.1897245,80.83856378,83.5955792,84.31140228,88.87254642,2,15,1,8,3,5,1.0,1988,6,6,3,8,30.0,25,15,25,5,0
1818,1,79.11640023,81.09094276,66.69170125,80.55703128,79.1673089,78.30838762,79.7392818,81.51842442,2,30,1,11,5,6,1.0,1990,6,8,4,2,37.0,28,30,16,6,0
1821,1,74.25484708,70.9372999,59.33093802,70.81797534,69.73106376,77.77367433,73.33524865,51.78870588,2,10,1,8,5,6,1.0,1987,6,10,6,2,40.0,24,22,0,30,0
1822,1,78.13421588,78.66116563,70.44455435,81.45251238,81.00281808,71.95176946,68.88414218,73.73837171,2,33,1,8,3,5,1.0,1987,6,8,3,4,50.0,20,15,10,33,0
1853,1,82.41122879,74.51599249,70.44455435,85.1897245,80.77833322,83.5955792,84.49346486,85.54478058,1,5,1,3,5,6,1.0,1991,4,8,4,4,20.0,10,10,20,10,0
1854,1,81.36253601,76.90785746,81.55817068,77.76704377,77.76249789,80.84886951,82.15236745,81.09249372,1,8,2,5,5,6,1.0,1985,6,12,4,2,25.0,18,15,10,10,0
1856,1,82.82497123,84.64955647,81.55817068,88.87519312,85.62967773,86.13606108,82.16439024,84.76955472,2,35,1,15,3,5,1.0,1985,6,12,2,7,35.0,21,24,0,0,1
1858,1,83.93419612,85.62934458,81.55817068,88.87519312,82.6138424,86.13606108,84.31140228,84.76955472,2,35,2,10,3,5,1.0,1985,6,13,6,4,40.0,20,25,0,0,1
1859,1,84.50263803,84.36631619,81.55817068,77.76704377,81.00281808,80.84886951,84.50548765,85.54478058,2,35,1,10,3,5,1.0,1984,6,12,3,4,20.0,13,10,0,0,1
1860,1,77.80869155,83.23747961,74.05246448,81.45251238,80.83856378,86.13606108,73.20221184,74.43696203,2,42,1,6,3,5,1.0,1978,6,17,5,2,26.0,15,18,0,0,0
1863,1,73.92932275,74.79923276,70.44455435,77.76704377,81.00281808,83.06086591,75.67634606,71.10919618,2,30,2,8,3,5,1.0,1990,5,7,5,2,34.0,24,16,10,0,0
1864,1,80.94879357,80.23324475,81.55817068,85.1897245,79.06328516,74.69847916,75.48226069,67.43213518,2,6,1,2,6,6,1.0,1990,4,7,4,7,30.0,16,20,30,10,0
1866,1,75.77781441,77.39813725,74.19740745,81.03064359,66.65499787,69.41128758,71.0551998,70.75990103,2,5,1,2,5,6,1.0,1992,5,5,4,8,25.0,15,20,25,10,0
1867,1,89.90497416,84.64955647,85.16608081,81.92612469,82.6138424,83.5955792,84.49346486,84.76955472,2,33,2,8,3,1,1.0,1987,5,10,4,7,25.0,15,18,10,0,1
1868,1,85.78268779,82.07073087,81.55817068,88.87519312,79.06328516,85.80757561,77.78635512,84.76955472,2,10,2,12,3,5,1.0,1985,4,12,4,4,18.0,7,7,18,30,0
1869,1,82.82497123,85.62934458,81.55817068,81.92612469,79.37352221,86.13606108,84.31140228,84.76955472,2,35,3,13,3,3,1.0,1985,6,12,2,7,35.0,20,25,0,13,0
1870,1,78.40481945,77.80346762,74.19740745,78.18891256,77.70226734,69.20505977,77.9684177,81.09249372,1,10,2,3,4,6,1.0,1990,4,8,4,4,30.0,20,20,20,10,0
1871,1,74.85097499,72.36945563,70.44455435,70.34436303,69.6708332,66.66457788,71.23726238,70.75990103,1,20,1,2,3,5,1.0,1993,5,5,4,7,22.0,10,17,20,0,0
1872,1,77.99107701,71.51175763,77.80531758,77.76704377,75.82296497,69.41128758,77.59226975,77.33879717,2,35,1,14,3,5,1.0,1985,6,13,5,7,36.0,21,25,0,0,0
1873,1,71.29713052,67.4515339,70.44455435,70.34436303,68.43027649,71.95176946,68.95721353,73.66173617,2,30,1,10,5,3,1.0,1990,6,7,4,4,35.0,12,18,0,0,0
1874,1,73.2061543,66.69011554,66.69170125,69.92249424,72.97138394,69.73977306,71.23726238,66.65690932,1,5,1,13,3,5,1.0,1980,5,17,4,4,30.0,25,20,0,0,0
1875,1,77.80869155,76.54043924,74.05246448,74.08157516,71.67059668,77.77367433,71.04317701,77.76472787,2,20,1,10,5,6,1.0,1977,6,20,4,6,35.0,11,19,0,20,0
1876,1,83.93419612,84.500508,74.19740745,85.1897245,84.07888396,83.5955792,77.72530655,85.54478058,1,5,4,8,6,6,2.0,1985,4,10,4,4,8.0,5,6,30,10,0
1877,1,63.20128093,75.77902087,55.57808492,74.50344395,72.91115339,74.69847916,73.33524865,81.86771957,2,10,1,9,3,5,1.0,1984,6,13,3,2,24.0,12,12,30,6,0
1879,1,81.68806034,79.06649601,77.80531758,78.66252487,82.7780967,80.52038403,82.34645282,77.76472787,2,42,1,15,3,5,1.0,1978,6,19,6,2,39.62,37,32,15,12,0
1880,1,76.82650719,84.36631619,74.19740745,88.87519312,85.62967773,83.06086591,84.31140228,84.76955472,2,35,2,10,3,5,1.0,1985,6,15,6,4,40.0,25,30,30,5,0
1881,1,66.69459328,60.97286328,62.93884815,66.65889442,58.62356374,71.62328399,77.76230954,70.33397033,2,15,1,10,3,5,1.0,1978,8,15,3,3,40.0,15,11,30,28,0
1882,1,82.79728523,82.07073087,85.16608081,78.66252487,82.7780967,78.10215981,80.24846655,88.52325126,2,37,1,5,5,6,1.0,1983,6,13,4,2,12.0,8,4,0,0,0
1883,1,68.72547041,76.54043924,77.80531758,77.76704377,77.76249789,77.77367433,77.77433233,77.76472787,1,20,2,8,3,5,1.0,1987,6,10,3,4,30.0,16,18,10,5,0
1884,1,69.26625339,76.54043924,74.05246448,77.76704377,77.76249789,77.77367433,77.77433233,77.76472787,1,15,1,8,3,5,1.0,1984,6,13,5,2,36.0,20,21,20,5,0
1886,1,99.0368881,99.0301718,99.0325502,99.98334246,99.97749794,99.99186723,99.9927132,99.98036497,2,35,1,10,3,5,1.0,1985,5,10,3,3,13.0,7,4,0,50,0
1887,1,87.21743701,90.73422694,96.27969715,93.03427403,82.7780967,72.48648275,82.2254388,88.87254642,2,6,1,8,3,5,1.0,1989,4,8,6,4,12.0,7,2,0,55,0
1888,1,84.25972045,78.93230421,85.16608081,81.92612469,74.52217771,80.52038403,71.04317701,77.76472787,1,8,2,15,3,5,1.0,1980,5,16,6,2,35.0,25,28,15,15,0
1889,1,85.56742914,85.46934231,92.67178702,76.92330618,78.15123705,77.97990215,75.43323492,78.53995373,2,25,1,7,3,5,1.0,1992,5,4,7,9,30.0,11,8,20,30,0
1890,1,75.4194169,77.80346762,66.69170125,74.50344395,77.76249789,77.77367433,77.77433233,77.76472787,2,20,1,12,3,5,1.0,1982,6,14,5,2,30.0,20,10,50,5,0
1891,1,69.26625339,76.54043924,77.80531758,77.76704377,77.76249789,77.77367433,77.77433233,77.76472787,2,25,1,10,3,5,1.0,1978,6,17,3,2,20.0,15,15,20,5,0
1893,1,88.92278981,88.91681971,88.91893392,88.87519312,88.86999791,88.88277078,88.88352277,92.97553812,2,49,1,1,5,6,1.0,1970,5,25,4,2,15.0,10,4,20,0,0
1894,1,68.52698662,78.93230421,77.80531758,81.03064359,77.76249789,77.77367433,75.48226069,77.76472787,2,36,2,10,3,5,1.0,1983,5,14,4,4,30.0,20,17,20,5,0
1896,1,68.72547041,76.54043924,74.05246448,77.76704377,77.76249789,77.77367433,77.58024696,77.76472787,2,30,2,6,3,4,1.0,1986,6,6,7,9,36.0,28,12,20,10,0
1897,1,70.81687965,72.4073678,77.80531758,77.76704377,77.76249789,77.77367433,77.77433233,77.76472787,2,31,1,8,3,1,1.0,1989,5,8,7,9,32.0,27,27,14,11,0
1898,1,80.7664081,77.80346762,74.05246448,77.76704377,77.76249789,77.77367433,77.77433233,77.76472787,2,40,1,13,3,5,1.0,1980,5,17,6,2,30.0,20,26,0,0,0
1899,1,66.69459328,75.27741086,62.93884815,77.76704377,77.76249789,72.48648275,75.67634606,74.43696203,1,20,2,10,3,2,1.0,1980,3,15,6,3,45.0,30,27,20,10,0
1900,1,54.47027172,62.27380382,59.33093802,77.76704377,60.39884236,66.66457788,71.10422558,65.88168347,1,14,1,1,4,6,1.0,1991,6,6,7,9,19.0,8,10,23,5,0
1901,1,66.69459328,76.54043924,74.05246448,77.76704377,77.76249789,77.77367433,77.77433233,77.76472787,2,34,1,10,3,5,1.0,1983,5,12,7,9,28.0,16,12,40,5,0
1903,1,66.69459328,76.54043924,77.80531758,77.76704377,77.76249789,77.77367433,77.77433233,77.76472787,2,20,1,10,3,5,1.0,1983,6,12,3,2,25.0,10,10,40,5,0
1904,1,69.8346953,62.99731003,66.69170125,69.92249424,66.65499787,63.58938271,59.94600936,66.65690932,2,33,1,7,3,5,1.0,1987,6,9,3,4,32.0,13,20,0,0,0
1906,1,66.69459328,76.54043924,74.05246448,77.76704377,75.98721927,77.77367433,77.77433233,77.76472787,2,20,1,10,3,5,1.0,1979,6,16,3,4,30.0,18,10,40,11,0
1907,1,91.69293371,78.9444059,92.67178702,82.39973699,76.10768038,64.45258148,73.72341938,77.76472787,2,25,2,7,3,5,1.0,1992,6,4,7,9,30.0,12,14,0,25,0
1908,1,88.13908925,74.29762275,70.44455435,85.1897245,72.91115339,75.56167793,84.49346486,78.53995373,2,25,1,7,3,2,1.0,1992,6,4,7,9,30.0,15,16,15,0,0
1909,1,67.80381817,76.54043924,62.93884815,77.76704377,66.65499787,71.95176946,75.48226069,77.76472787,1,20,1,12,3,5,1.0,1979,4,15,6,4,40.0,29,23,15,5,0
1910,1,67.80381817,76.54043924,77.80531758,77.76704377,72.91115339,71.62328399,75.48226069,73.66173617,2,10,1,6,3,5,1.0,1981,5,15,3,3,40.0,18,22,10,5,0
1911,1,75.4194169,79.82791437,62.93884815,81.45251238,74.68643201,77.77367433,77.76230954,70.75990103,1,36,3,15,4,5,2.0,1983,6,14,4,6,19.0,5,8,0,30,0
1912,1,77.80869155,76.10017331,85.16608081,77.76704377,77.82272845,69.41128758,75.49428348,74.08766687,2,29,1,3,5,4,1.0,1990,6,6,4,4,25.0,14,7,30,20,0
1913,1,73.2061543,72.4073678,77.80531758,66.65889442,75.98721927,72.48648275,71.23726238,74.43696203,2,39,2,5,5,6,1.0,1981,5,16,4,4,20.0,10,15,0,0,0
1914,1,75.77781441,77.80346762,74.05246448,77.76704377,74.52217771,77.77367433,75.49428348,74.43696203,1,26,4,7,5,6,1.0,1978,5,17,4,2,20.0,11,15,0,0,0
1915,1,75.96019988,77.80346762,74.05246448,70.34436303,72.74689909,75.02696464,75.49428348,70.33397033,2,31,4,4,5,6,1.0,1988,5,7,3,8,23.0,10,18,0,0,0
1916,1,90.77128148,88.91681971,88.91893392,88.87519312,92.1103181,91.62948048,88.88352277,92.97553812,2,8,1,5,3,5,1.0,1986,6,9,4,2,25.0,7,10,20,20,0
1917,1,76.82650719,90.32889656,81.41322771,77.76704377,72.97138394,83.06086591,84.44443909,74.01103133,2,10,2,3,5,6,1.0,1989,5,10,4,8,30.0,10,15,20,10,0
1918,1,76.55632778,70.87320084,70.44455435,81.03064359,72.74689909,75.02696464,75.3122209,78.11402303,2,30,1,15,3,5,1.0,1980,4,15,4,2,45.0,34,23,0,0,0
1919,1,76.69946665,74.51599249,74.05246448,74.50344395,74.52217771,77.77367433,77.77433233,74.43696203,1,25,2,8,5,6,1.0,1979,5,16,3,4,22.0,11,16,0,0,0
1920,1,75.77781441,71.10642725,70.44455435,74.50344395,77.76249789,77.77367433,71.0551998,69.98467517,2,30,2,4,5,6,1.0,1989,5,6,4,5,20.0,10,15,0,0,0
1921,1,95.43435083,92.20429484,96.27969715,92.56066173,99.97749794,91.62948048,97.70064157,96.65259912,2,8,1,6,5,6,1.0,1985,6,10,4,6,23.0,12,9,20,20,0
1922,1,75.96019988,74.79923276,66.69170125,70.39610654,74.52217771,72.48648275,77.77433233,74.08766687,1,18,4,4,5,3,1.0,1984,5,9,3,6,20.0,11,15,0,0,0
1923,1,74.25484708,72.08621536,59.33093802,74.50344395,74.68643201,77.77367433,71.04317701,73.66173617,2,30,2,6,5,6,1.0,1990,6,6,5,2,40.0,28,36,0,0,0
1924,1,75.96019988,74.79923276,70.44455435,70.81797534,77.76249789,71.95176946,73.38427443,74.08766687,1,23,3,6,5,6,1.0,1981,5,15,4,8,20.0,12,15,0,0,0
1925,1,96.15751928,94.71824992,88.91893392,92.56066173,92.1103181,94.16996236,95.6026553,95.87737327,2,32,1,6,6,6,2.0,1988,6,10,3,5,16.0,8,8,20,0,0
1926,1,71.29713052,73.34924375,74.05246448,70.34436303,74.68643201,75.02696464,68.76312816,70.33397033,2,32,2,8,5,3,1.0,1987,6,7,4,4,16.0,5,4,20,30,0
1927,1,73.92932275,73.53620438,74.05246448,74.08157516,74.52217771,69.41128758,71.23726238,73.66173617,1,32,3,5,5,6,1.0,1987,5,10,3,7,20.0,11,18,0,0,0
1928,1,88.92278981,93.37104359,96.27969715,92.13879294,88.86999791,91.62948048,93.27358067,92.97553812,2,9,2,5,3,5,1.0,1986,5,9,4,2,22.0,14,8,20,20,0
1929,1,91.49444992,88.91681971,88.91893392,88.87519312,91.9460638,88.88277078,93.32260645,88.87254642,2,8,1,5,3,5,1.0,1986,6,8,4,2,25.0,11,9,20,20,0
1930,1,75.96019988,68.14010455,70.44455435,66.65889442,71.67059668,66.66457788,66.66514189,70.75990103,2,36,1,5,3,5,1.0,1983,5,11,3,8,25.0,12,20,0,0,0
1932,1,77.80869155,75.77902087,74.05246448,77.76704377,72.91115339,71.95176946,71.0551998,73.66173617,1,6,5,6,5,6,1.0,1985,5,10,4,2,20.0,10,15,0,0,0
1933,1,73.2061543,71.14433942,66.69170125,74.08157516,71.67059668,71.95176946,75.48226069,70.75990103,2,15,2,3,5,6,1.0,1986,5,10,4,8,20.0,15,15,0,0,0
1934,1,88.92278981,88.91681971,85.16608081,85.6115933,88.86999791,91.62948048,90.98150904,88.87254642,2,36,1,12,3,5,1.0,1984,6,13,3,6,33.0,9,13,20,20,0
1935,1,92.47663427,93.18408296,88.91893392,96.71974265,93.72134242,94.70467565,93.45564325,92.54960742,2,32,1,5,6,6,2.0,1988,6,10,6,5,30.0,14,15,0,20,0
